no,date,workout,duration,category,year,month,week,day
1,2017-01-01,Rest,0,rest,2017,1,52,1
2,2017-01-02,Rest,0,rest,2017,1,1,2
3,2017-01-03,Rest,0,rest,2017,1,1,3
4,2017-01-04,Rest,0,rest,2017,1,1,4
5,2017-01-05,Chest,68,chest,2017,1,1,5
6,2017-01-06,Back,48,back,2017,1,1,6
7,2017-01-07,Running,24,cardio,2017,1,1,7
8,2017-01-08,Other,52,other,2017,1,1,8
9,2017-01-09,Back,44,back,2017,1,2,9
10,2017-01-10,Running,24,cardio,2017,1,2,10
11,2017-01-11,Chest,71,chest,2017,1,2,11
12,2017-01-12,Back,44,back,2017,1,2,12
13,2017-01-13,Running,24,cardio,2017,1,2,13
14,2017-01-14,Other,66,other,2017,1,2,14
15,2017-01-15,Back,45,back,2017,1,2,15
16,2017-01-16,Running,24,cardio,2017,1,3,16
17,2017-01-17,Chest,49,chest,2017,1,3,17
18,2017-01-18,Back,60,back,2017,1,3,18
19,2017-01-19,Running,24,cardio,2017,1,3,19
20,2017-01-20,Other,38,other,2017,1,3,20
21,2017-01-21,Back,39,back,2017,1,3,21
22,2017-01-22,Running,46,cardio,2017,1,3,22
23,2017-01-23,Back,50,back,2017,1,4,23
24,2017-01-24,Chest,60,chest,2017,1,4,24
25,2017-01-25,Running,47,cardio,2017,1,4,25
26,2017-01-26,Back,45,back,2017,1,4,26
27,2017-01-27,Chest,45,chest,2017,1,4,27
28,2017-01-28,Running,49,cardio,2017,1,4,28
29,2017-01-29,Back,41,back,2017,1,4,29
30,2017-01-30,Rest,0,rest,2017,1,5,30
31,2017-01-31,Chest,47,chest,2017,1,5,31
32,2017-02-01,Rest,0,rest,2017,2,5,1
33,2017-02-02,Running,38,cardio,2017,2,5,2
34,2017-02-03,Back,51,back,2017,2,5,3
35,2017-02-04,Chest,43,chest,2017,2,5,4
36,2017-02-05,Running,35,cardio,2017,2,5,5
37,2017-02-06,Back,40,back,2017,2,6,6
38,2017-02-07,Chest,67,chest,2017,2,6,7
39,2017-02-08,Back,43,back,2017,2,6,8
40,2017-02-09,Rest,0,rest,2017,2,6,9
41,2017-02-10,Chest,44,chest,2017,2,6,10
42,2017-02-11,Running,46,cardio,2017,2,6,11
43,2017-02-12,Back,44,back,2017,2,6,12
44,2017-02-13,Chest,54,chest,2017,2,7,13
45,2017-02-14,Running,47,cardio,2017,2,7,14
46,2017-02-15,Back,52,back,2017,2,7,15
47,2017-02-16,Chest,45,chest,2017,2,7,16
48,2017-02-17,Back,49,back,2017,2,7,17
49,2017-02-18,Rest,0,rest,2017,2,7,18
50,2017-02-19,Running,26,cardio,2017,2,7,19
51,2017-02-20,Back,49,back,2017,2,8,20
52,2017-02-21,Chest,47,chest,2017,2,8,21
53,2017-02-22,Rest,0,rest,2017,2,8,22
54,2017-02-23,Back,43,back,2017,2,8,23
55,2017-02-24,Running,46,cardio,2017,2,8,24
56,2017-02-25,Rest,0,rest,2017,2,8,25
57,2017-02-26,Back,39,back,2017,2,8,26
58,2017-02-27,Chest,38,chest,2017,2,9,27
59,2017-02-28,Running,47,cardio,2017,2,9,28
60,2017-03-01,Back,49,back,2017,3,9,1
61,2017-03-02,Chest,56,chest,2017,3,9,2
62,2017-03-03,Running,46,cardio,2017,3,9,3
63,2017-03-04,Back,44,back,2017,3,9,4
64,2017-03-05,Chest,42,chest,2017,3,9,5
65,2017-03-06,Running,45,cardio,2017,3,10,6
66,2017-03-07,Back,43,back,2017,3,10,7
67,2017-03-08,Chest,46,chest,2017,3,10,8
68,2017-03-09,Rest,0,rest,2017,3,10,9
69,2017-03-10,Back,40,back,2017,3,10,10
70,2017-03-11,Chest,37,chest,2017,3,10,11
71,2017-03-12,Back,41,back,2017,3,10,12
72,2017-03-13,Chest,45,chest,2017,3,11,13
73,2017-03-14,Back,41,back,2017,3,11,14
74,2017-03-15,Chest,45,chest,2017,3,11,15
75,2017-03-16,Back,52,back,2017,3,11,16
76,2017-03-17,Rest,0,rest,2017,3,11,17
77,2017-03-18,Chest,47,chest,2017,3,11,18
78,2017-03-19,Back,62,back,2017,3,11,19
79,2017-03-20,Chest,51,chest,2017,3,12,20
80,2017-03-21,Rest,0,rest,2017,3,12,21
81,2017-03-22,Back,43,back,2017,3,12,22
82,2017-03-23,Chest,42,chest,2017,3,12,23
83,2017-03-24,Back,38,back,2017,3,12,24
84,2017-03-25,Chest,37,chest,2017,3,12,25
85,2017-03-26,Back,51,back,2017,3,12,26
86,2017-03-27,Chest,36,chest,2017,3,13,27
87,2017-03-28,Rest,0,rest,2017,3,13,28
88,2017-03-29,Rest,0,rest,2017,3,13,29
89,2017-03-30,Cardio,53,cardio,2017,3,13,30
90,2017-03-31,Chest,45,chest,2017,3,13,31
91,2017-04-01,Pull 2 + Cardio,92,double_workout,2017,4,13,1
92,2017-04-02,Texas + Cardio,64,double_workout,2017,4,13,2
93,2017-04-03,Rest,0,rest,2017,4,14,3
94,2017-04-04,Chest,34,chest,2017,4,14,4
95,2017-04-05,Back,41,back,2017,4,14,5
96,2017-04-06,Cardio,63,cardio,2017,4,14,6
97,2017-04-07,Back,43,back,2017,4,14,7
98,2017-04-08,Other,40,other,2017,4,14,8
99,2017-04-09,Insane Chest + Cardio,112,double_workout,2017,4,14,9
100,2017-04-10,Rest,0,rest,2017,4,15,10
101,2017-04-11,Back + Cardio,109,double_workout,2017,4,15,11
102,2017-04-12,Chest,50,chest,2017,4,15,12
103,2017-04-13,Back,46,back,2017,4,15,13
104,2017-04-14,Compound,36,compound,2017,4,15,14
105,2017-04-15,Cardio,56,cardio,2017,4,15,15
106,2017-04-16,Rest,0,rest,2017,4,15,16
107,2017-04-17,Running,41,cardio,2017,4,16,17
108,2017-04-18,Compound,50,compound,2017,4,16,18
109,2017-04-19,Back,50,back,2017,4,16,19
110,2017-04-20,Compound,46,compound,2017,4,16,20
111,2017-04-21,Chest,38,chest,2017,4,16,21
112,2017-04-22,Compound,45,compound,2017,4,16,22
113,2017-04-23,Running,25,cardio,2017,4,16,23
114,2017-04-24,Rest,0,rest,2017,4,17,24
115,2017-04-25,Back,49,back,2017,4,17,25
116,2017-04-26,Chest,37,chest,2017,4,17,26
117,2017-04-27,Running,36,cardio,2017,4,17,27
118,2017-04-28,Back,40,back,2017,4,17,28
119,2017-04-29,Chest,42,chest,2017,4,17,29
120,2017-04-30,Pull 1 + Cardio,84,double_workout,2017,4,17,30
121,2017-05-01,Chest,41,chest,2017,5,18,1
122,2017-05-02,Running,36,cardio,2017,5,18,2
123,2017-05-03,Cobra Back + Abs,51,double_workout,2017,5,18,3
124,2017-05-04,Chest,40,chest,2017,5,18,4
125,2017-05-05,Running,37,cardio,2017,5,18,5
126,2017-05-06,Back,44,back,2017,5,18,6
127,2017-05-07,Chest,39,chest,2017,5,18,7
128,2017-05-08,Back,41,back,2017,5,19,8
129,2017-05-09,Texas + Cardio,81,double_workout,2017,5,19,9
130,2017-05-10,Legs,48,legs,2017,5,19,10
131,2017-05-11,Texas + Cardio,71,double_workout,2017,5,19,11
132,2017-05-12,Chest,46,chest,2017,5,19,12
133,2017-05-13,Back,34,back,2017,5,19,13
134,2017-05-14,Compound,43,compound,2017,5,19,14
135,2017-05-15,Chest,39,chest,2017,5,20,15
136,2017-05-16,Running,32,cardio,2017,5,20,16
137,2017-05-17,Back,50,back,2017,5,20,17
138,2017-05-18,Chest + Cardio,85,double_workout,2017,5,20,18
139,2017-05-19,Compound,50,compound,2017,5,20,19
140,2017-05-20,Legs,50,legs,2017,5,20,20
141,2017-05-21,Compound,52,compound,2017,5,20,21
142,2017-05-22,Chest,48,chest,2017,5,21,22
143,2017-05-23,Running,33,cardio,2017,5,21,23
144,2017-05-24,Back,43,back,2017,5,21,24
145,2017-05-25,Running,37,cardio,2017,5,21,25
146,2017-05-26,Compound,43,compound,2017,5,21,26
147,2017-05-27,Legs,50,legs,2017,5,21,27
148,2017-05-28,Compound,44,compound,2017,5,21,28
149,2017-05-29,Chest,37,chest,2017,5,22,29
150,2017-05-30,Running,34,cardio,2017,5,22,30
151,2017-05-31,Back,42,back,2017,5,22,31
152,2017-06-01,Compound,44,compound,2017,6,22,1
153,2017-06-02,Chest,39,chest,2017,6,22,2
154,2017-06-03,Back,33,back,2017,6,22,3
155,2017-06-04,Legs,37,legs,2017,6,22,4
156,2017-06-05,Compound,41,compound,2017,6,23,5
157,2017-06-06,Chest,45,chest,2017,6,23,6
158,2017-06-07,Back,34,back,2017,6,23,7
159,2017-06-08,Legs,23,legs,2017,6,23,8
160,2017-06-09,Compound,34,compound,2017,6,23,9
161,2017-06-10,Chest,36,chest,2017,6,23,10
162,2017-06-11,Back,36,back,2017,6,23,11
163,2017-06-12,Legs,25,legs,2017,6,24,12
164,2017-06-13,Compound,39,compound,2017,6,24,13
165,2017-06-14,Rest,0,rest,2017,6,24,14
166,2017-06-15,Chest,36,chest,2017,6,24,15
167,2017-06-16,Back,45,back,2017,6,24,16
168,2017-06-17,Legs,23,legs,2017,6,24,17
169,2017-06-18,Compound,40,compound,2017,6,24,18
170,2017-06-19,Back,37,back,2017,6,25,19
171,2017-06-20,Rest,0,rest,2017,6,25,20
172,2017-06-21,Rest,0,rest,2017,6,25,21
173,2017-06-22,Back,39,back,2017,6,25,22
174,2017-06-23,Chest,39,chest,2017,6,25,23
175,2017-06-24,Back,44,back,2017,6,25,24
176,2017-06-25,Chest + Back,45,double_workout,2017,6,25,25
177,2017-06-26,Chest,37,chest,2017,6,26,26
178,2017-06-27,Back,50,back,2017,6,26,27
179,2017-06-28,Chest and Biceps + Back,92,double_workout,2017,6,26,28
180,2017-06-29,Other,47,other,2017,6,26,29
181,2017-06-30,Chest,51,chest,2017,6,26,30
182,2017-07-01,Compound,54,compound,2017,7,26,1
183,2017-07-02,Back,35,back,2017,7,26,2
184,2017-07-03,Chest,53,chest,2017,7,27,3
185,2017-07-04,Back,45,back,2017,7,27,4
186,2017-07-05,Chest,66,chest,2017,7,27,5
187,2017-07-06,Back,67,back,2017,7,27,6
188,2017-07-07,Chest,81,chest,2017,7,27,7
189,2017-07-08,Back,59,back,2017,7,27,8
190,2017-07-09,Rest,0,rest,2017,7,27,9
191,2017-07-10,Chest,79,chest,2017,7,28,10
192,2017-07-11,Back,59,back,2017,7,28,11
193,2017-07-12,Legs,90,legs,2017,7,28,12
194,2017-07-13,Chest,72,chest,2017,7,28,13
195,2017-07-14,Back,58,back,2017,7,28,14
196,2017-07-15,Other,52,other,2017,7,28,15
197,2017-07-16,Rest,0,rest,2017,7,28,16
198,2017-07-17,Chest,113,chest,2017,7,29,17
199,2017-07-18,Back,118,back,2017,7,29,18
200,2017-07-19,Chest,82,chest,2017,7,29,19
201,2017-07-20,Back,109,back,2017,7,29,20
202,2017-07-21,Compound,92,compound,2017,7,29,21
203,2017-07-22,Other,35,other,2017,7,29,22
204,2017-07-23,Rest,0,rest,2017,7,29,23
205,2017-07-24,Back,106,back,2017,7,30,24
206,2017-07-25,Chest,105,chest,2017,7,30,25
207,2017-07-26,Back,53,back,2017,7,30,26
208,2017-07-27,Chest,82,chest,2017,7,30,27
209,2017-07-28,Back,103,back,2017,7,30,28
210,2017-07-29,Chest,65,chest,2017,7,30,29
211,2017-07-30,Cycling + Cobra Back,150,double_workout,2017,7,30,30
212,2017-07-31,Chest,52,chest,2017,7,31,31
213,2017-08-01,Back,54,back,2017,8,31,1
214,2017-08-02,Legs,59,legs,2017,8,31,2
215,2017-08-03,Compound,87,compound,2017,8,31,3
216,2017-08-04,Back,59,back,2017,8,31,4
217,2017-08-05,Chest,55,chest,2017,8,31,5
218,2017-08-06,Back,55,back,2017,8,31,6
219,2017-08-07,Chest,52,chest,2017,8,32,7
220,2017-08-08,Legs,68,legs,2017,8,32,8
221,2017-08-09,Back,63,back,2017,8,32,9
222,2017-08-10,Chest,87,chest,2017,8,32,10
223,2017-08-11,Compound,63,compound,2017,8,32,11
224,2017-08-12,Back,53,back,2017,8,32,12
225,2017-08-13,Compound,48,compound,2017,8,32,13
226,2017-08-14,Legs,48,legs,2017,8,33,14
227,2017-08-15,Chest,52,chest,2017,8,33,15
228,2017-08-16,Back,47,back,2017,8,33,16
229,2017-08-17,Chest,81,chest,2017,8,33,17
230,2017-08-18,Back,59,back,2017,8,33,18
231,2017-08-19,Legs,34,legs,2017,8,33,19
232,2017-08-20,Compound,66,compound,2017,8,33,20
233,2017-08-21,Compound + Chest,132,double_workout,2017,8,34,21
234,2017-08-22,Back,51,back,2017,8,34,22
235,2017-08-23,Legs,52,legs,2017,8,34,23
236,2017-08-24,Compound,61,compound,2017,8,34,24
237,2017-08-25,Back,65,back,2017,8,34,25
238,2017-08-26,Chest,49,chest,2017,8,34,26
239,2017-08-27,Rest,0,rest,2017,8,34,27
240,2017-08-28,Legs,49,legs,2017,8,35,28
241,2017-08-29,Chest,60,chest,2017,8,35,29
242,2017-08-30,Back,45,back,2017,8,35,30
243,2017-08-31,Compound,46,compound,2017,8,35,31
244,2017-09-01,Legs,49,legs,2017,9,35,1
245,2017-09-02,Chest,51,chest,2017,9,35,2
246,2017-09-03,Back,44,back,2017,9,35,3
247,2017-09-04,Legs,46,legs,2017,9,36,4
248,2017-09-05,Back,55,back,2017,9,36,5
249,2017-09-06,Chest,50,chest,2017,9,36,6
250,2017-09-07,Back,46,back,2017,9,36,7
251,2017-09-08,Legs,49,legs,2017,9,36,8
252,2017-09-09,Compound,50,compound,2017,9,36,9
253,2017-09-10,Chest,45,chest,2017,9,36,10
254,2017-09-11,Back,46,back,2017,9,37,11
255,2017-09-12,Rest,0,rest,2017,9,37,12
256,2017-09-13,Legs,42,legs,2017,9,37,13
257,2017-09-14,Chest,47,chest,2017,9,37,14
258,2017-09-15,Back,46,back,2017,9,37,15
259,2017-09-16,Legs,35,legs,2017,9,37,16
260,2017-09-17,Chest,48,chest,2017,9,37,17
261,2017-09-18,Back,39,back,2017,9,38,18
262,2017-09-19,Rest,0,rest,2017,9,38,19
263,2017-09-20,Rest,0,rest,2017,9,38,20
264,2017-09-21,Chest,38,chest,2017,9,38,21
265,2017-09-22,Running,31,cardio,2017,9,38,22
266,2017-09-23,Back,45,back,2017,9,38,23
267,2017-09-24,Running,29,cardio,2017,9,38,24
268,2017-09-25,Legs,40,legs,2017,9,39,25
269,2017-09-26,Running,32,cardio,2017,9,39,26
270,2017-09-27,Chest,39,chest,2017,9,39,27
271,2017-09-28,Running,33,cardio,2017,9,39,28
272,2017-09-29,Back,41,back,2017,9,39,29
273,2017-09-30,Running,33,cardio,2017,9,39,30
274,2017-10-01,Legs,37,legs,2017,10,39,1
275,2017-10-02,Running,34,cardio,2017,10,40,2
276,2017-10-03,Chest,40,chest,2017,10,40,3
277,2017-10-04,Running,36,cardio,2017,10,40,4
278,2017-10-05,Back,41,back,2017,10,40,5
279,2017-10-06,Running,31,cardio,2017,10,40,6
280,2017-10-07,Legs,33,legs,2017,10,40,7
281,2017-10-08,Running,39,cardio,2017,10,40,8
282,2017-10-09,Chest,41,chest,2017,10,41,9
283,2017-10-10,Running,35,cardio,2017,10,41,10
284,2017-10-11,Back,32,back,2017,10,41,11
285,2017-10-12,Running,38,cardio,2017,10,41,12
286,2017-10-13,Legs,35,legs,2017,10,41,13
287,2017-10-14,Chest,43,chest,2017,10,41,14
288,2017-10-15,Back,45,back,2017,10,41,15
289,2017-10-16,Legs,34,legs,2017,10,42,16
290,2017-10-17,Running,36,cardio,2017,10,42,17
291,2017-10-18,Compound,37,compound,2017,10,42,18
292,2017-10-19,Running,35,cardio,2017,10,42,19
293,2017-10-20,Legs,31,legs,2017,10,42,20
294,2017-10-21,Running,36,cardio,2017,10,42,21
295,2017-10-22,Compound,47,compound,2017,10,42,22
296,2017-10-23,Legs,31,legs,2017,10,43,23
297,2017-10-24,Running,37,cardio,2017,10,43,24
298,2017-10-25,Compound,43,compound,2017,10,43,25
299,2017-10-26,Running,36,cardio,2017,10,43,26
300,2017-10-27,Legs,36,legs,2017,10,43,27
301,2017-10-28,Chest,34,chest,2017,10,43,28
302,2017-10-29,Back,44,back,2017,10,43,29
303,2017-10-30,Legs,26,legs,2017,10,44,30
304,2017-10-31,Running,35,cardio,2017,10,44,31
305,2017-11-01,Compound,38,compound,2017,11,44,1
306,2017-11-02,Running,35,cardio,2017,11,44,2
307,2017-11-03,Legs,28,legs,2017,11,44,3
308,2017-11-04,Chest,40,chest,2017,11,44,4
309,2017-11-05,Back,39,back,2017,11,44,5
310,2017-11-06,Rest,0,rest,2017,11,45,6
311,2017-11-07,Rest,0,rest,2017,11,45,7
312,2017-11-08,Legs,28,legs,2017,11,45,8
313,2017-11-09,Running,35,cardio,2017,11,45,9
314,2017-11-10,Chest,42,chest,2017,11,45,10
315,2017-11-11,Back,42,back,2017,11,45,11
316,2017-11-12,Compound,41,compound,2017,11,45,12
317,2017-11-13,Legs,30,legs,2017,11,46,13
318,2017-11-14,Running,38,cardio,2017,11,46,14
319,2017-11-15,Compound,31,compound,2017,11,46,15
320,2017-11-16,Legs,30,legs,2017,11,46,16
321,2017-11-17,Running,40,cardio,2017,11,46,17
322,2017-11-18,Chest,38,chest,2017,11,46,18
323,2017-11-19,Back,34,back,2017,11,46,19
324,2017-11-20,Running,43,cardio,2017,11,47,20
325,2017-11-21,Running,42,cardio,2017,11,47,21
326,2017-11-22,Compound,45,compound,2017,11,47,22
327,2017-11-23,Running,42,cardio,2017,11,47,23
328,2017-11-24,Running,42,cardio,2017,11,47,24
329,2017-11-25,Legs,28,legs,2017,11,47,25
330,2017-11-26,Compound,48,compound,2017,11,47,26
331,2017-11-27,Running,42,cardio,2017,11,48,27
332,2017-11-28,Running,40,cardio,2017,11,48,28
333,2017-11-29,Compound,43,compound,2017,11,48,29
334,2017-11-30,Running,56,cardio,2017,11,48,30
335,2017-12-01,Running,43,cardio,2017,12,48,1
336,2017-12-02,Compound,52,compound,2017,12,48,2
337,2017-12-03,Legs,32,legs,2017,12,48,3
338,2017-12-04,Running,42,cardio,2017,12,49,4
339,2017-12-05,Running,44,cardio,2017,12,49,5
340,2017-12-06,Compound,39,compound,2017,12,49,6
341,2017-12-07,Running,44,cardio,2017,12,49,7
342,2017-12-08,Running,43,cardio,2017,12,49,8
343,2017-12-09,Compound,46,compound,2017,12,49,9
344,2017-12-10,Compound,47,compound,2017,12,49,10
345,2017-12-11,Running,44,cardio,2017,12,50,11
346,2017-12-12,Running,42,cardio,2017,12,50,12
347,2017-12-13,Compound,43,compound,2017,12,50,13
348,2017-12-14,Running,55,cardio,2017,12,50,14
349,2017-12-15,Compound,43,compound,2017,12,50,15
350,2017-12-16,Compound,46,compound,2017,12,50,16
351,2017-12-17,Rest,0,rest,2017,12,50,17
352,2017-12-18,Running,40,cardio,2017,12,51,18
353,2017-12-19,Running,41,cardio,2017,12,51,19
354,2017-12-20,Compound,47,compound,2017,12,51,20
355,2017-12-21,Running,40,cardio,2017,12,51,21
356,2017-12-22,Running,40,cardio,2017,12,51,22
357,2017-12-23,Compound,38,compound,2017,12,51,23
358,2017-12-24,Running,39,cardio,2017,12,51,24
359,2017-12-25,Rest,0,rest,2017,12,52,25
360,2017-12-26,Rest,0,rest,2017,12,52,26
361,2017-12-27,Compound,43,compound,2017,12,52,27
362,2017-12-28,Rest,0,rest,2017,12,52,28
363,2017-12-29,Rest,0,rest,2017,12,52,29
364,2017-12-30,Rest,0,rest,2017,12,52,30
365,2017-12-31,Rest,0,rest,2017,12,52,31
366,2018-01-01,Rest,0,rest,2018,1,1,1
367,2018-01-02,Compound,41,compound,2018,1,1,2
368,2018-01-03,Compound,40,compound,2018,1,1,3
369,2018-01-04,Compound,41,compound,2018,1,1,4
370,2018-01-05,Rest,0,rest,2018,1,1,5
371,2018-01-06,Rest,0,rest,2018,1,1,6
372,2018-01-07,Legs,26,legs,2018,1,1,7
373,2018-01-08,Chest,25,chest,2018,1,2,8
374,2018-01-09,Back,28,back,2018,1,2,9
375,2018-01-10,Rest,0,rest,2018,1,2,10
376,2018-01-11,Legs,23,legs,2018,1,2,11
377,2018-01-12,Chest,28,chest,2018,1,2,12
378,2018-01-13,Back,28,back,2018,1,2,13
379,2018-01-14,Rest,0,rest,2018,1,2,14
380,2018-01-15,Rest,0,rest,2018,1,3,15
381,2018-01-16,Rest,0,rest,2018,1,3,16
382,2018-01-17,Rest,0,rest,2018,1,3,17
383,2018-01-18,Chest,37,chest,2018,1,3,18
384,2018-01-19,Back,32,back,2018,1,3,19
385,2018-01-20,Legs,27,legs,2018,1,3,20
386,2018-01-21,Chest,31,chest,2018,1,3,21
387,2018-01-22,Back,27,back,2018,1,4,22
388,2018-01-23,Legs,26,legs,2018,1,4,23
389,2018-01-24,Chest,29,chest,2018,1,4,24
390,2018-01-25,Back,32,back,2018,1,4,25
391,2018-01-26,Legs,35,legs,2018,1,4,26
392,2018-01-27,Chest,33,chest,2018,1,4,27
393,2018-01-28,Back,35,back,2018,1,4,28
394,2018-01-29,Legs,34,legs,2018,1,5,29
395,2018-01-30,Rest,0,rest,2018,1,5,30
396,2018-01-31,Chest,34,chest,2018,1,5,31
397,2018-02-01,Back,31,back,2018,2,5,1
398,2018-02-02,Legs,31,legs,2018,2,5,2
399,2018-02-03,Chest,25,chest,2018,2,5,3
400,2018-02-04,Back,29,back,2018,2,5,4
401,2018-02-05,Legs,28,legs,2018,2,6,5
402,2018-02-06,Rest,0,rest,2018,2,6,6
403,2018-02-07,Chest,32,chest,2018,2,6,7
404,2018-02-08,Back,29,back,2018,2,6,8
405,2018-02-09,Running,31,cardio,2018,2,6,9
406,2018-02-10,Chest,33,chest,2018,2,6,10
407,2018-02-11,Back,31,back,2018,2,6,11
408,2018-02-12,Legs,28,legs,2018,2,7,12
409,2018-02-13,Chest,31,chest,2018,2,7,13
410,2018-02-14,Back,30,back,2018,2,7,14
411,2018-02-15,Rest,0,rest,2018,2,7,15
412,2018-02-16,Running,33,cardio,2018,2,7,16
413,2018-02-17,Chest,35,chest,2018,2,7,17
414,2018-02-18,Back,30,back,2018,2,7,18
415,2018-02-19,Legs,29,legs,2018,2,8,19
416,2018-02-20,Running,34,cardio,2018,2,8,20
417,2018-02-21,Chest,33,chest,2018,2,8,21
418,2018-02-22,Back,26,back,2018,2,8,22
419,2018-02-23,Running,33,cardio,2018,2,8,23
420,2018-02-24,Chest,31,chest,2018,2,8,24
421,2018-02-25,Back,29,back,2018,2,8,25
422,2018-02-26,Legs,28,legs,2018,2,9,26
423,2018-02-27,Rest,0,rest,2018,2,9,27
424,2018-02-28,Chest,29,chest,2018,2,9,28
425,2018-03-01,Back,30,back,2018,3,9,1
426,2018-03-02,Rest,0,rest,2018,3,9,2
427,2018-03-03,Chest,33,chest,2018,3,9,3
428,2018-03-04,Back,30,back,2018,3,9,4
429,2018-03-05,Legs,25,legs,2018,3,10,5
430,2018-03-06,Rest,0,rest,2018,3,10,6
431,2018-03-07,Chest,30,chest,2018,3,10,7
432,2018-03-08,Back,29,back,2018,3,10,8
433,2018-03-09,Running,33,cardio,2018,3,10,9
434,2018-03-10,Chest,33,chest,2018,3,10,10
435,2018-03-11,Back,29,back,2018,3,10,11
436,2018-03-12,Legs,26,legs,2018,3,11,12
437,2018-03-13,Running,39,cardio,2018,3,11,13
438,2018-03-14,Chest,31,chest,2018,3,11,14
439,2018-03-15,Back,31,back,2018,3,11,15
440,2018-03-16,Running,41,cardio,2018,3,11,16
441,2018-03-17,Compound,35,compound,2018,3,11,17
442,2018-03-18,Legs,26,legs,2018,3,11,18
443,2018-03-19,Running,39,cardio,2018,3,12,19
444,2018-03-20,Chest,32,chest,2018,3,12,20
445,2018-03-21,Back,28,back,2018,3,12,21
446,2018-03-22,Running,44,cardio,2018,3,12,22
447,2018-03-23,Chest,31,chest,2018,3,12,23
448,2018-03-24,Back,36,back,2018,3,12,24
449,2018-03-25,Legs,26,legs,2018,3,12,25
450,2018-03-26,Running,43,cardio,2018,3,13,26
451,2018-03-27,Chest,33,chest,2018,3,13,27
452,2018-03-28,Back,31,back,2018,3,13,28
453,2018-03-29,Rest,0,rest,2018,3,13,29
454,2018-03-30,Compound,37,compound,2018,3,13,30
455,2018-03-31,Compound,51,compound,2018,3,13,31
456,2018-04-01,Compound,43,compound,2018,4,13,1
457,2018-04-02,Rest,0,rest,2018,4,14,2
458,2018-04-03,Compound,42,compound,2018,4,14,3
459,2018-04-04,Compound,40,compound,2018,4,14,4
460,2018-04-05,Rest,0,rest,2018,4,14,5
461,2018-04-06,Compound,44,compound,2018,4,14,6
462,2018-04-07,Compound,45,compound,2018,4,14,7
463,2018-04-08,Compound,47,compound,2018,4,14,8
464,2018-04-09,Compound,42,compound,2018,4,15,9
465,2018-04-10,Rest,0,rest,2018,4,15,10
466,2018-04-11,Chest,30,chest,2018,4,15,11
467,2018-04-12,Back,27,back,2018,4,15,12
468,2018-04-13,Legs,26,legs,2018,4,15,13
469,2018-04-14,Chest,30,chest,2018,4,15,14
470,2018-04-15,Back,27,back,2018,4,15,15
471,2018-04-16,Running,38,cardio,2018,4,16,16
472,2018-04-17,Chest,28,chest,2018,4,16,17
473,2018-04-18,Back,52,back,2018,4,16,18
474,2018-04-19,Legs,25,legs,2018,4,16,19
475,2018-04-20,Rest,0,rest,2018,4,16,20
476,2018-04-21,Chest,45,chest,2018,4,16,21
477,2018-04-22,Back,47,back,2018,4,16,22
478,2018-04-23,Legs,23,legs,2018,4,17,23
479,2018-04-24,Chest,29,chest,2018,4,17,24
480,2018-04-25,Back,50,back,2018,4,17,25
481,2018-04-26,Chest,50,chest,2018,4,17,26
482,2018-04-27,Back,28,back,2018,4,17,27
483,2018-04-28,Chest,28,chest,2018,4,17,28
484,2018-04-29,Legs,24,legs,2018,4,17,29
485,2018-04-30,Rest,0,rest,2018,4,18,30
486,2018-05-01,Back,46,back,2018,5,18,1
487,2018-05-02,Chest,25,chest,2018,5,18,2
488,2018-05-03,Back,48,back,2018,5,18,3
489,2018-05-04,Chest,45,chest,2018,5,18,4
490,2018-05-05,Back,53,back,2018,5,18,5
491,2018-05-06,Legs,24,legs,2018,5,18,6
492,2018-05-07,Chest,50,chest,2018,5,19,7
493,2018-05-08,Back,53,back,2018,5,19,8
494,2018-05-09,Running,40,cardio,2018,5,19,9
495,2018-05-10,Chest,31,chest,2018,5,19,10
496,2018-05-11,Rest,0,rest,2018,5,19,11
497,2018-05-12,Back,52,back,2018,5,19,12
498,2018-05-13,Legs,26,legs,2018,5,19,13
499,2018-05-14,Chest,53,chest,2018,5,20,14
500,2018-05-15,Back,47,back,2018,5,20,15
501,2018-05-16,Chest,31,chest,2018,5,20,16
502,2018-05-17,Back,49,back,2018,5,20,17
503,2018-05-18,Legs,23,legs,2018,5,20,18
504,2018-05-19,Chest,52,chest,2018,5,20,19
505,2018-05-20,Back,50,back,2018,5,20,20
506,2018-05-21,Chest,26,chest,2018,5,21,21
507,2018-05-22,Back,52,back,2018,5,21,22
508,2018-05-23,Legs,23,legs,2018,5,21,23
509,2018-05-24,Chest,51,chest,2018,5,21,24
510,2018-05-25,Back,50,back,2018,5,21,25
511,2018-05-26,Chest,29,chest,2018,5,21,26
512,2018-05-27,Rest,0,rest,2018,5,21,27
513,2018-05-28,Legs,40,legs,2018,5,22,28
514,2018-05-29,Back,45,back,2018,5,22,29
515,2018-05-30,Chest,49,chest,2018,5,22,30
516,2018-05-31,Legs,40,legs,2018,5,22,31
517,2018-06-01,Back,47,back,2018,6,22,1
518,2018-06-02,Chest,51,chest,2018,6,22,2
519,2018-06-03,Rest,0,rest,2018,6,22,3
520,2018-06-04,Compound,41,compound,2018,6,23,4
521,2018-06-05,Rest,0,rest,2018,6,23,5
522,2018-06-06,Compound,47,compound,2018,6,23,6
523,2018-06-07,Compound,46,compound,2018,6,23,7
524,2018-06-08,Back,45,back,2018,6,23,8
525,2018-06-09,Rest,0,rest,2018,6,23,9
526,2018-06-10,Chest,48,chest,2018,6,23,10
527,2018-06-11,Rest,0,rest,2018,6,24,11
528,2018-06-12,Rest,0,rest,2018,6,24,12
529,2018-06-13,Back,49,back,2018,6,24,13
530,2018-06-14,Chest,48,chest,2018,6,24,14
531,2018-06-15,Back,49,back,2018,6,24,15
532,2018-06-16,Chest,51,chest,2018,6,24,16
533,2018-06-17,Back,47,back,2018,6,24,17
534,2018-06-18,Chest,48,chest,2018,6,25,18
535,2018-06-19,Back,47,back,2018,6,25,19
536,2018-06-20,Chest,47,chest,2018,6,25,20
537,2018-06-21,Back,46,back,2018,6,25,21
538,2018-06-22,Rest,0,rest,2018,6,25,22
539,2018-06-23,Rest,0,rest,2018,6,25,23
540,2018-06-24,Rest,0,rest,2018,6,25,24
541,2018-06-25,Compound,34,compound,2018,6,26,25
542,2018-06-26,Compound,33,compound,2018,6,26,26
543,2018-06-27,Compound,40,compound,2018,6,26,27
544,2018-06-28,Compound,45,compound,2018,6,26,28
545,2018-06-29,Compound,37,compound,2018,6,26,29
546,2018-06-30,Compound,34,compound,2018,6,26,30
547,2018-07-01,Rest,0,rest,2018,7,26,1
548,2018-07-02,Chest,37,chest,2018,7,27,2
549,2018-07-03,Back,33,back,2018,7,27,3
550,2018-07-04,Chest,33,chest,2018,7,27,4
551,2018-07-05,Back,34,back,2018,7,27,5
552,2018-07-06,Rest,0,rest,2018,7,27,6
553,2018-07-07,Rest,0,rest,2018,7,27,7
554,2018-07-08,Rest,0,rest,2018,7,27,8
555,2018-07-09,Chest,38,chest,2018,7,28,9
556,2018-07-10,Back,35,back,2018,7,28,10
557,2018-07-11,Legs,22,legs,2018,7,28,11
558,2018-07-12,Chest,35,chest,2018,7,28,12
559,2018-07-13,Back,33,back,2018,7,28,13
560,2018-07-14,Chest,37,chest,2018,7,28,14
561,2018-07-15,Back,37,back,2018,7,28,15
562,2018-07-16,Legs,29,legs,2018,7,29,16
563,2018-07-17,Chest,34,chest,2018,7,29,17
564,2018-07-18,Running,41,cardio,2018,7,29,18
565,2018-07-19,Back,37,back,2018,7,29,19
566,2018-07-20,Legs,28,legs,2018,7,29,20
567,2018-07-21,Running,40,cardio,2018,7,29,21
568,2018-07-22,Compound,40,compound,2018,7,29,22
569,2018-07-23,Chest,36,chest,2018,7,30,23
570,2018-07-24,Running,41,cardio,2018,7,30,24
571,2018-07-25,Back,34,back,2018,7,30,25
572,2018-07-26,Running,42,cardio,2018,7,30,26
573,2018-07-27,Legs,31,legs,2018,7,30,27
574,2018-07-28,Compound,40,compound,2018,7,30,28
575,2018-07-29,Chest,38,chest,2018,7,30,29
576,2018-07-30,Running,40,cardio,2018,7,31,30
577,2018-07-31,Back,37,back,2018,7,31,31
578,2018-08-01,Running,38,cardio,2018,8,31,1
579,2018-08-02,Compound,26,compound,2018,8,31,2
580,2018-08-03,Rest,0,rest,2018,8,31,3
581,2018-08-04,Rest,0,rest,2018,8,31,4
582,2018-08-05,Chest,36,chest,2018,8,31,5
583,2018-08-06,Rest,0,rest,2018,8,32,6
584,2018-08-07,Back,36,back,2018,8,32,7
585,2018-08-08,Legs,29,legs,2018,8,32,8
586,2018-08-09,Chest,35,chest,2018,8,32,9
587,2018-08-10,Back,38,back,2018,8,32,10
588,2018-08-11,Legs,26,legs,2018,8,32,11
589,2018-08-12,Chest,36,chest,2018,8,32,12
590,2018-08-13,Back,35,back,2018,8,33,13
591,2018-08-14,Legs,24,legs,2018,8,33,14
592,2018-08-15,Chest,36,chest,2018,8,33,15
593,2018-08-16,Back,35,back,2018,8,33,16
594,2018-08-17,Legs,28,legs,2018,8,33,17
595,2018-08-18,Compound,35,compound,2018,8,33,18
596,2018-08-19,Running,52,cardio,2018,8,33,19
597,2018-08-20,Compound,36,compound,2018,8,34,20
598,2018-08-21,Rest,0,rest,2018,8,34,21
599,2018-08-22,Legs,27,legs,2018,8,34,22
600,2018-08-23,Chest,36,chest,2018,8,34,23
601,2018-08-24,Running,78,cardio,2018,8,34,24
602,2018-08-25,Back,39,back,2018,8,34,25
603,2018-08-26,Compound,30,compound,2018,8,34,26
604,2018-08-27,Running,78,cardio,2018,8,35,27
605,2018-08-28,Chest,35,chest,2018,8,35,28
606,2018-08-29,Back,37,back,2018,8,35,29
607,2018-08-30,Chest,33,chest,2018,8,35,30
608,2018-08-31,Back,37,back,2018,8,35,31
609,2018-09-01,Chest,34,chest,2018,9,35,1
610,2018-09-02,Back,37,back,2018,9,35,2
611,2018-09-03,Rest,0,rest,2018,9,36,3
612,2018-09-04,Chest,35,chest,2018,9,36,4
613,2018-09-05,Back,37,back,2018,9,36,5
614,2018-09-06,Rest,0,rest,2018,9,36,6
615,2018-09-07,Chest,37,chest,2018,9,36,7
616,2018-09-08,Back,37,back,2018,9,36,8
617,2018-09-09,Legs,30,legs,2018,9,36,9
618,2018-09-10,Chest,38,chest,2018,9,37,10
619,2018-09-11,Back,36,back,2018,9,37,11
620,2018-09-12,Chest,38,chest,2018,9,37,12
621,2018-09-13,Back,37,back,2018,9,37,13
622,2018-09-14,Rest,0,rest,2018,9,37,14
623,2018-09-15,Chest,36,chest,2018,9,37,15
624,2018-09-16,Back,38,back,2018,9,37,16
625,2018-09-17,Legs,25,legs,2018,9,38,17
626,2018-09-18,Chest,35,chest,2018,9,38,18
627,2018-09-19,Back,34,back,2018,9,38,19
628,2018-09-20,Legs,28,legs,2018,9,38,20
629,2018-09-21,Chest,37,chest,2018,9,38,21
630,2018-09-22,Back,37,back,2018,9,38,22
631,2018-09-23,Legs,28,legs,2018,9,38,23
632,2018-09-24,Chest,33,chest,2018,9,39,24
633,2018-09-25,Back,35,back,2018,9,39,25
634,2018-09-26,Legs,23,legs,2018,9,39,26
635,2018-09-27,Chest,35,chest,2018,9,39,27
636,2018-09-28,Back,36,back,2018,9,39,28
637,2018-09-29,Legs,27,legs,2018,9,39,29
638,2018-09-30,Chest,35,chest,2018,9,39,30
639,2018-10-01,Back,37,back,2018,10,40,1
640,2018-10-02,Rest,0,rest,2018,10,40,2
641,2018-10-03,Chest,33,chest,2018,10,40,3
642,2018-10-04,Back,36,back,2018,10,40,4
643,2018-10-05,Running,36,cardio,2018,10,40,5
644,2018-10-06,Chest,35,chest,2018,10,40,6
645,2018-10-07,Back,21,back,2018,10,40,7
646,2018-10-08,Chest,36,chest,2018,10,41,8
647,2018-10-09,Running,42,cardio,2018,10,41,9
648,2018-10-10,Compound,35,compound,2018,10,41,10
649,2018-10-11,Back,37,back,2018,10,41,11
650,2018-10-12,Running,45,cardio,2018,10,41,12
651,2018-10-13,Compound,33,compound,2018,10,41,13
652,2018-10-14,Legs,23,legs,2018,10,41,14
653,2018-10-15,Chest,39,chest,2018,10,42,15
654,2018-10-16,Running,46,cardio,2018,10,42,16
655,2018-10-17,Compound,35,compound,2018,10,42,17
656,2018-10-18,Back,38,back,2018,10,42,18
657,2018-10-19,Running,45,cardio,2018,10,42,19
658,2018-10-20,Compound,35,compound,2018,10,42,20
659,2018-10-21,Legs,25,legs,2018,10,42,21
660,2018-10-22,Chest,38,chest,2018,10,43,22
661,2018-10-23,Running,44,cardio,2018,10,43,23
662,2018-10-24,Compound,35,compound,2018,10,43,24
663,2018-10-25,Back,34,back,2018,10,43,25
664,2018-10-26,Running,42,cardio,2018,10,43,26
665,2018-10-27,Compound,35,compound,2018,10,43,27
666,2018-10-28,Legs,29,legs,2018,10,43,28
667,2018-10-29,Chest,39,chest,2018,10,44,29
668,2018-10-30,Running,43,cardio,2018,10,44,30
669,2018-10-31,Back,37,back,2018,10,44,31
670,2018-11-01,Running,40,cardio,2018,11,44,1
671,2018-11-02,Compound,40,compound,2018,11,44,2
672,2018-11-03,Compound,35,compound,2018,11,44,3
673,2018-11-04,Compound,36,compound,2018,11,44,4
674,2018-11-05,Chest,41,chest,2018,11,45,5
675,2018-11-06,Running,45,cardio,2018,11,45,6
676,2018-11-07,Back,39,back,2018,11,45,7
677,2018-11-08,Compound,39,compound,2018,11,45,8
678,2018-11-09,Rest,0,rest,2018,11,45,9
679,2018-11-10,Compound,40,compound,2018,11,45,10
680,2018-11-11,Compound,38,compound,2018,11,45,11
681,2018-11-12,Chest,38,chest,2018,11,46,12
682,2018-11-13,Running,46,cardio,2018,11,46,13
683,2018-11-14,Back,36,back,2018,11,46,14
684,2018-11-15,Compound,48,compound,2018,11,46,15
685,2018-11-16,Rest,0,rest,2018,11,46,16
686,2018-11-17,Compound,35,compound,2018,11,46,17
687,2018-11-18,Compound,40,compound,2018,11,46,18
688,2018-11-19,Chest,40,chest,2018,11,47,19
689,2018-11-20,Running,46,cardio,2018,11,47,20
690,2018-11-21,Back,42,back,2018,11,47,21
691,2018-11-22,Compound,44,compound,2018,11,47,22
692,2018-11-23,Compound,48,compound,2018,11,47,23
693,2018-11-24,Compound,48,compound,2018,11,47,24
694,2018-11-25,Compound,35,compound,2018,11,47,25
695,2018-11-26,Rest,0,rest,2018,11,48,26
696,2018-11-27,Chest,40,chest,2018,11,48,27
697,2018-11-28,Back,47,back,2018,11,48,28
698,2018-11-29,Rest,0,rest,2018,11,48,29
699,2018-11-30,Compound,52,compound,2018,11,48,30
700,2018-12-01,Running,61,cardio,2018,12,48,1
701,2018-12-02,Compound,43,compound,2018,12,48,2
702,2018-12-03,Chest,45,chest,2018,12,49,3
703,2018-12-04,Back,43,back,2018,12,49,4
704,2018-12-05,Compound,43,compound,2018,12,49,5
705,2018-12-06,Chest,46,chest,2018,12,49,6
706,2018-12-07,Back,45,back,2018,12,49,7
707,2018-12-08,Compound,56,compound,2018,12,49,8
708,2018-12-09,Chest,47,chest,2018,12,49,9
709,2018-12-10,Back,45,back,2018,12,50,10
710,2018-12-11,Compound,49,compound,2018,12,50,11
711,2018-12-12,Chest,48,chest,2018,12,50,12
712,2018-12-13,Back,46,back,2018,12,50,13
713,2018-12-14,Compound,51,compound,2018,12,50,14
714,2018-12-15,Rest,0,rest,2018,12,50,15
715,2018-12-16,Rest,0,rest,2018,12,50,16
716,2018-12-17,Compound,58,compound,2018,12,51,17
717,2018-12-18,Compound,56,compound,2018,12,51,18
718,2018-12-19,Chest,49,chest,2018,12,51,19
719,2018-12-20,Back,52,back,2018,12,51,20
720,2018-12-21,Compound,59,compound,2018,12,51,21
721,2018-12-22,Chest,47,chest,2018,12,51,22
722,2018-12-23,Back,50,back,2018,12,51,23
723,2018-12-24,Compound,45,compound,2018,12,52,24
724,2018-12-25,Rest,0,rest,2018,12,52,25
725,2018-12-26,Compound,59,compound,2018,12,52,26
726,2018-12-27,Chest,39,chest,2018,12,52,27
727,2018-12-28,Back,53,back,2018,12,52,28
728,2018-12-29,Compound,53,compound,2018,12,52,29
729,2018-12-30,Back,45,back,2018,12,52,30
730,2018-12-31,Chest,49,chest,2018,12,1,31
731,2019-01-01,Rest,0,rest,2019,1,1,1
732,2019-01-02,Compound,39,compound,2019,1,1,2
733,2019-01-03,Chest,49,chest,2019,1,1,3
734,2019-01-04,Back,48,back,2019,1,1,4
735,2019-01-05,Compound,50,compound,2019,1,1,5
736,2019-01-06,Compound,45,compound,2019,1,1,6
737,2019-01-07,Rest,0,rest,2019,1,2,7
738,2019-01-08,Compound,46,compound,2019,1,2,8
739,2019-01-09,Rest,0,rest,2019,1,2,9
740,2019-01-10,Compound,47,compound,2019,1,2,10
741,2019-01-11,Rest,0,rest,2019,1,2,11
742,2019-01-12,Compound,45,compound,2019,1,2,12
743,2019-01-13,Compound,49,compound,2019,1,2,13
744,2019-01-14,Compound,48,compound,2019,1,3,14
745,2019-01-15,Rest,0,rest,2019,1,3,15
746,2019-01-16,Back,45,back,2019,1,3,16
747,2019-01-17,Chest,45,chest,2019,1,3,17
748,2019-01-18,Compound,45,compound,2019,1,3,18
749,2019-01-19,Back,39,back,2019,1,3,19
750,2019-01-20,Chest,47,chest,2019,1,3,20
751,2019-01-21,Compound,50,compound,2019,1,4,21
752,2019-01-22,Back,47,back,2019,1,4,22
753,2019-01-23,Chest,48,chest,2019,1,4,23
754,2019-01-24,Compound,45,compound,2019,1,4,24
755,2019-01-25,Rest,0,rest,2019,1,4,25
756,2019-01-26,Compound,40,compound,2019,1,4,26
757,2019-01-27,Rest,0,rest,2019,1,4,27
758,2019-01-28,Chest,45,chest,2019,1,5,28
759,2019-01-29,Back,50,back,2019,1,5,29
760,2019-01-30,Legs,25,legs,2019,1,5,30
761,2019-01-31,Compound,44,compound,2019,1,5,31
762,2019-02-01,Rest,0,rest,2019,2,5,1
763,2019-02-02,Chest,54,chest,2019,2,5,2
764,2019-02-03,Back,46,back,2019,2,5,3
765,2019-02-04,Legs,30,legs,2019,2,6,4
766,2019-02-05,Compound,45,compound,2019,2,6,5
767,2019-02-06,Chest,46,chest,2019,2,6,6
768,2019-02-07,Back,47,back,2019,2,6,7
769,2019-02-08,Legs,27,legs,2019,2,6,8
770,2019-02-09,Compound,45,compound,2019,2,6,9
771,2019-02-10,Chest,48,chest,2019,2,6,10
772,2019-02-11,Back,48,back,2019,2,7,11
773,2019-02-12,Legs,33,legs,2019,2,7,12
774,2019-02-13,Compound,45,compound,2019,2,7,13
775,2019-02-14,Rest,0,rest,2019,2,7,14
776,2019-02-15,Compound,45,compound,2019,2,7,15
777,2019-02-16,Rest,0,rest,2019,2,7,16
778,2019-02-17,Chest,45,chest,2019,2,7,17
779,2019-02-18,Back,50,back,2019,2,8,18
780,2019-02-19,Legs,28,legs,2019,2,8,19
781,2019-02-20,Compound,47,compound,2019,2,8,20
782,2019-02-21,Chest,47,chest,2019,2,8,21
783,2019-02-22,Back,46,back,2019,2,8,22
784,2019-02-23,Legs,26,legs,2019,2,8,23
785,2019-02-24,Compound,47,compound,2019,2,8,24
786,2019-02-25,Chest,41,chest,2019,2,9,25
787,2019-02-26,Back,41,back,2019,2,9,26
788,2019-02-27,Compound,44,compound,2019,2,9,27
789,2019-02-28,Rest,0,rest,2019,2,9,28
790,2019-03-01,Chest,44,chest,2019,3,9,1
791,2019-03-02,Back,44,back,2019,3,9,2
792,2019-03-03,Legs,26,legs,2019,3,9,3
793,2019-03-04,Compound,41,compound,2019,3,10,4
794,2019-03-05,Compound,40,compound,2019,3,10,5
795,2019-03-06,Back,43,back,2019,3,10,6
796,2019-03-07,Compound,37,compound,2019,3,10,7
797,2019-03-08,Chest,40,chest,2019,3,10,8
798,2019-03-09,Back,42,back,2019,3,10,9
799,2019-03-10,Compound,41,compound,2019,3,10,10
800,2019-03-11,Legs,27,legs,2019,3,11,11
801,2019-03-12,Chest,42,chest,2019,3,11,12
802,2019-03-13,Back,43,back,2019,3,11,13
803,2019-03-14,Legs,24,legs,2019,3,11,14
804,2019-03-15,Compound,44,compound,2019,3,11,15
805,2019-03-16,Rest,0,rest,2019,3,11,16
806,2019-03-17,Rest,0,rest,2019,3,11,17
807,2019-03-18,Chest,44,chest,2019,3,12,18
808,2019-03-19,Back,38,back,2019,3,12,19
809,2019-03-20,Chest,43,chest,2019,3,12,20
810,2019-03-21,Back,42,back,2019,3,12,21
811,2019-03-22,Compound,39,compound,2019,3,12,22
812,2019-03-23,Rest,0,rest,2019,3,12,23
813,2019-03-24,Chest,50,chest,2019,3,12,24
814,2019-03-25,Back,50,back,2019,3,13,25
815,2019-03-26,Chest,50,chest,2019,3,13,26
816,2019-03-27,Back,49,back,2019,3,13,27
817,2019-03-28,Chest,43,chest,2019,3,13,28
818,2019-03-29,Back,50,back,2019,3,13,29
819,2019-03-30,Chest,48,chest,2019,3,13,30
820,2019-03-31,Basketball,60,cardio,2019,3,13,31
821,2019-04-01,Back,48,back,2019,4,14,1
822,2019-04-02,Chest,44,chest,2019,4,14,2
823,2019-04-03,Back,48,back,2019,4,14,3
824,2019-04-04,Chest,42,chest,2019,4,14,4
825,2019-04-05,Back,46,back,2019,4,14,5
826,2019-04-06,Basketball,120,cardio,2019,4,14,6
827,2019-04-07,Chest,35,chest,2019,4,14,7
828,2019-04-08,Back,42,back,2019,4,15,8
829,2019-04-09,Chest,46,chest,2019,4,15,9
830,2019-04-10,Back,43,back,2019,4,15,10
831,2019-04-11,Chest,37,chest,2019,4,15,11
832,2019-04-12,Back,46,back,2019,4,15,12
833,2019-04-13,Rest,0,rest,2019,4,15,13
834,2019-04-14,Rest,0,rest,2019,4,15,14
835,2019-04-15,Chest,49,chest,2019,4,16,15
836,2019-04-16,Back,48,back,2019,4,16,16
837,2019-04-17,Chest,53,chest,2019,4,16,17
838,2019-04-18,Back,50,back,2019,4,16,18
839,2019-04-19,Rest,0,rest,2019,4,16,19
840,2019-04-20,Chest,51,chest,2019,4,16,20
841,2019-04-21,Back,51,back,2019,4,16,21
842,2019-04-22,Chest,54,chest,2019,4,17,22
843,2019-04-23,Back,49,back,2019,4,17,23
844,2019-04-24,Rest,0,rest,2019,4,17,24
845,2019-04-25,Chest,43,chest,2019,4,17,25
846,2019-04-26,Back,43,back,2019,4,17,26
847,2019-04-27,Chest,44,chest,2019,4,17,27
848,2019-04-28,Back,38,back,2019,4,17,28
849,2019-04-29,Chest,46,chest,2019,4,18,29
850,2019-04-30,Back,39,back,2019,4,18,30
851,2019-05-01,Rest,0,rest,2019,5,18,1
852,2019-05-02,Chest,41,chest,2019,5,18,2
853,2019-05-03,Back,37,back,2019,5,18,3
854,2019-05-04,Chest,39,chest,2019,5,18,4
855,2019-05-05,Back,39,back,2019,5,18,5
856,2019-05-06,Running,32,cardio,2019,5,19,6
857,2019-05-07,Chest,39,chest,2019,5,19,7
858,2019-05-08,Rest,0,rest,2019,5,19,8
859,2019-05-09,Back,41,back,2019,5,19,9
860,2019-05-10,Chest,43,chest,2019,5,19,10
861,2019-05-11,Rest,0,rest,2019,5,19,11
862,2019-05-12,Back,39,back,2019,5,19,12
863,2019-05-13,Running,40,cardio,2019,5,20,13
864,2019-05-14,Chest,40,chest,2019,5,20,14
865,2019-05-15,Back,37,back,2019,5,20,15
866,2019-05-16,Running,38,cardio,2019,5,20,16
867,2019-05-17,Chest,44,chest,2019,5,20,17
868,2019-05-18,Back,39,back,2019,5,20,18
869,2019-05-19,Running,41,cardio,2019,5,20,19
870,2019-05-20,Chest,43,chest,2019,5,21,20
871,2019-05-21,Back,41,back,2019,5,21,21
872,2019-05-22,Running,41,cardio,2019,5,21,22
873,2019-05-23,Chest,41,chest,2019,5,21,23
874,2019-05-24,Back,40,back,2019,5,21,24
875,2019-05-25,Legs,33,legs,2019,5,21,25
876,2019-05-26,Chest,41,chest,2019,5,21,26
877,2019-05-27,Back,40,back,2019,5,22,27
878,2019-05-28,Chest,39,chest,2019,5,22,28
879,2019-05-29,Back,41,back,2019,5,22,29
880,2019-05-30,Running,42,cardio,2019,5,22,30
881,2019-05-31,Chest,41,chest,2019,5,22,31
882,2019-06-01,Back,36,back,2019,6,22,1
883,2019-06-02,Legs,28,legs,2019,6,22,2
884,2019-06-03,Chest,42,chest,2019,6,23,3
885,2019-06-04,Back,40,back,2019,6,23,4
886,2019-06-05,Running,42,cardio,2019,6,23,5
887,2019-06-06,Chest,40,chest,2019,6,23,6
888,2019-06-07,Back,42,back,2019,6,23,7
889,2019-06-08,Legs,29,legs,2019,6,23,8
890,2019-06-09,Chest,41,chest,2019,6,23,9
891,2019-06-10,Back,43,back,2019,6,24,10
892,2019-06-11,Rest,0,rest,2019,6,24,11
893,2019-06-12,Rest,0,rest,2019,6,24,12
894,2019-06-13,Surfing,120,cardio,2019,6,24,13
895,2019-06-14,Surfing,120,cardio,2019,6,24,14
896,2019-06-15,Surfing,120,cardio,2019,6,24,15
897,2019-06-16,Surfing,120,cardio,2019,6,24,16
898,2019-06-17,Surfing,180,cardio,2019,6,25,17
899,2019-06-18,Rest,0,rest,2019,6,25,18
900,2019-06-19,Rest,0,rest,2019,6,25,19
901,2019-06-20,Rest,0,rest,2019,6,25,20
902,2019-06-21,Rest,0,rest,2019,6,25,21
903,2019-06-22,Rest,0,rest,2019,6,25,22
904,2019-06-23,Rest,0,rest,2019,6,25,23
905,2019-06-24,Rest,0,rest,2019,6,26,24
906,2019-06-25,Rest,0,rest,2019,6,26,25
907,2019-06-26,Chest,39,chest,2019,6,26,26
908,2019-06-27,Back,43,back,2019,6,26,27
909,2019-06-28,Compound,43,compound,2019,6,26,28
910,2019-06-29,Rest,0,rest,2019,6,26,29
911,2019-06-30,Rest,0,rest,2019,6,26,30
912,2019-07-01,Compound,120,compound,2019,7,27,1
913,2019-07-02,Chest,41,chest,2019,7,27,2
914,2019-07-03,Back,40,back,2019,7,27,3
915,2019-07-04,Chest,43,chest,2019,7,27,4
916,2019-07-05,Back,42,back,2019,7,27,5
917,2019-07-06,Running,52,cardio,2019,7,27,6
918,2019-07-07,Running,55,cardio,2019,7,27,7
919,2019-07-08,Chest,43,chest,2019,7,28,8
920,2019-07-09,Back,44,back,2019,7,28,9
921,2019-07-10,Compound,43,compound,2019,7,28,10
922,2019-07-11,Chest,42,chest,2019,7,28,11
923,2019-07-12,Back,46,back,2019,7,28,12
924,2019-07-13,Compound,44,compound,2019,7,28,13
925,2019-07-14,Rest,0,rest,2019,7,28,14
926,2019-07-15,Chest,43,chest,2019,7,29,15
927,2019-07-16,Back,44,back,2019,7,29,16
928,2019-07-17,Chest,42,chest,2019,7,29,17
929,2019-07-18,Back,51,back,2019,7,29,18
930,2019-07-19,Compound,56,compound,2019,7,29,19
931,2019-07-20,Rest,0,rest,2019,7,29,20
932,2019-07-21,Rest,0,rest,2019,7,29,21
933,2019-07-22,Compound,90,compound,2019,7,30,22
934,2019-07-23,Chest,36,chest,2019,7,30,23
935,2019-07-24,Compound,60,compound,2019,7,30,24
936,2019-07-25,Back,42,back,2019,7,30,25
937,2019-07-26,Compound,60,compound,2019,7,30,26
938,2019-07-27,Rest,0,rest,2019,7,30,27
939,2019-07-28,Running,54,cardio,2019,7,30,28
940,2019-07-29,Compound,60,compound,2019,7,31,29
941,2019-07-30,Chest,44,chest,2019,7,31,30
942,2019-07-31,Compound,60,compound,2019,7,31,31
943,2019-08-01,Back,43,back,2019,8,31,1
944,2019-08-02,Compound,39,compound,2019,8,31,2
945,2019-08-03,Rest,0,rest,2019,8,31,3
946,2019-08-04,Rest,0,rest,2019,8,31,4
947,2019-08-05,Chest,40,chest,2019,8,32,5
948,2019-08-06,Back,43,back,2019,8,32,6
949,2019-08-07,Chest,42,chest,2019,8,32,7
950,2019-08-08,Back,41,back,2019,8,32,8
951,2019-08-09,Compound,43,compound,2019,8,32,9
952,2019-08-10,Rest,0,rest,2019,8,32,10
953,2019-08-11,Rest,0,rest,2019,8,32,11
954,2019-08-12,Compound,45,compound,2019,8,33,12
955,2019-08-13,Compound,46,compound,2019,8,33,13
956,2019-08-14,Rest,0,rest,2019,8,33,14
957,2019-08-15,Rest,0,rest,2019,8,33,15
958,2019-08-16,Rest,0,rest,2019,8,33,16
959,2019-08-17,Rest,0,rest,2019,8,33,17
960,2019-08-18,Rest,0,rest,2019,8,33,18
961,2019-08-19,Chest,42,chest,2019,8,34,19
962,2019-08-20,Back,43,back,2019,8,34,20
963,2019-08-21,Legs,35,legs,2019,8,34,21
964,2019-08-22,Chest,41,chest,2019,8,34,22
965,2019-08-23,Back,38,back,2019,8,34,23
966,2019-08-24,Rest,0,rest,2019,8,34,24
967,2019-08-25,Running,57,cardio,2019,8,34,25
968,2019-08-26,Chest,39,chest,2019,8,35,26
969,2019-08-27,Back,44,back,2019,8,35,27
970,2019-08-28,Legs,22,legs,2019,8,35,28
971,2019-08-29,Chest,43,chest,2019,8,35,29
972,2019-08-30,Back,40,back,2019,8,35,30
973,2019-08-31,Compound,46,compound,2019,8,35,31
974,2019-09-01,Rest,0,rest,2019,9,35,1
975,2019-09-02,Compound,60,compound,2019,9,36,2
976,2019-09-03,Chest,40,chest,2019,9,36,3
977,2019-09-04,Compound,60,compound,2019,9,36,4
978,2019-09-05,Back,41,back,2019,9,36,5
979,2019-09-06,Compound,60,compound,2019,9,36,6
980,2019-09-07,Compound,41,compound,2019,9,36,7
981,2019-09-08,Rest,0,rest,2019,9,36,8
982,2019-09-09,Compound,50,compound,2019,9,37,9
983,2019-09-10,Chest,42,chest,2019,9,37,10
984,2019-09-11,Compound,60,compound,2019,9,37,11
985,2019-09-12,Back,40,back,2019,9,37,12
986,2019-09-13,Compound,60,compound,2019,9,37,13
987,2019-09-14,Compound,45,compound,2019,9,37,14
988,2019-09-15,Rest,0,rest,2019,9,37,15
989,2019-09-16,Chest,38,chest,2019,9,38,16
990,2019-09-17,Back,34,back,2019,9,38,17
991,2019-09-18,Legs,31,legs,2019,9,38,18
992,2019-09-19,Chest,42,chest,2019,9,38,19
993,2019-09-20,Back,39,back,2019,9,38,20
994,2019-09-21,Compound,37,compound,2019,9,38,21
995,2019-09-22,Rest,0,rest,2019,9,38,22
996,2019-09-23,Rest,0,rest,2019,9,39,23
997,2019-09-24,Compound,43,compound,2019,9,39,24
998,2019-09-25,Rest,0,rest,2019,9,39,25
999,2019-09-26,Rest,0,rest,2019,9,39,26
1000,2019-09-27,Rest,0,rest,2019,9,39,27
1001,2019-09-28,Rest,0,rest,2019,9,39,28
1002,2019-09-29,Rest,0,rest,2019,9,39,29
1003,2019-09-30,Rest,0,rest,2019,9,40,30
1004,2019-10-01,Chest,40,chest,2019,10,40,1
1005,2019-10-02,Back,35,back,2019,10,40,2
1006,2019-10-03,Legs,30,legs,2019,10,40,3
1007,2019-10-04,Compound,44,compound,2019,10,40,4
1008,2019-10-05,Rest,0,rest,2019,10,40,5
1009,2019-10-06,Rest,0,rest,2019,10,40,6
1010,2019-10-07,Compound,43,compound,2019,10,41,7
1011,2019-10-08,Chest,41,chest,2019,10,41,8
1012,2019-10-09,Back,37,back,2019,10,41,9
1013,2019-10-10,Legs,26,legs,2019,10,41,10
1014,2019-10-11,Compound,44,compound,2019,10,41,11
1015,2019-10-12,Rest,0,rest,2019,10,41,12
1016,2019-10-13,Chest,37,chest,2019,10,41,13
1017,2019-10-14,Back,35,back,2019,10,42,14
1018,2019-10-15,Legs,32,legs,2019,10,42,15
1019,2019-10-16,Chest,38,chest,2019,10,42,16
1020,2019-10-17,Back,40,back,2019,10,42,17
1021,2019-10-18,Legs,29,legs,2019,10,42,18
1022,2019-10-19,Rest,0,rest,2019,10,42,19
1023,2019-10-20,Rest,0,rest,2019,10,42,20
1024,2019-10-21,Compound,41,compound,2019,10,43,21
1025,2019-10-22,Chest,37,chest,2019,10,43,22
1026,2019-10-23,Back,35,back,2019,10,43,23
1027,2019-10-24,Legs,27,legs,2019,10,43,24
1028,2019-10-25,Compound,43,compound,2019,10,43,25
1029,2019-10-26,Rest,0,rest,2019,10,43,26
1030,2019-10-27,Rest,0,rest,2019,10,43,27
1031,2019-10-28,Compound,45,compound,2019,10,44,28
1032,2019-10-29,Chest,40,chest,2019,10,44,29
1033,2019-10-30,Back,41,back,2019,10,44,30
1034,2019-10-31,Compound,41,compound,2019,10,44,31
1035,2019-11-01,Chest,42,chest,2019,11,44,1
1036,2019-11-02,Back,41,back,2019,11,44,2
1037,2019-11-03,Running,37,cardio,2019,11,44,3
1038,2019-11-04,Chest,45,chest,2019,11,45,4
1039,2019-11-05,Back,45,back,2019,11,45,5
1040,2019-11-06,Running,43,cardio,2019,11,45,6
1041,2019-11-07,Chest,43,chest,2019,11,45,7
1042,2019-11-08,Back,45,back,2019,11,45,8
1043,2019-11-09,Rest,0,rest,2019,11,45,9
1044,2019-11-10,Rest,0,rest,2019,11,45,10
1045,2019-11-11,Chest,46,chest,2019,11,46,11
1046,2019-11-12,Back,44,back,2019,11,46,12
1047,2019-11-13,Running,41,cardio,2019,11,46,13
1048,2019-11-14,Chest,47,chest,2019,11,46,14
1049,2019-11-15,Back,48,back,2019,11,46,15
1050,2019-11-16,Compound,49,compound,2019,11,46,16
1051,2019-11-17,Rest,0,rest,2019,11,46,17
1052,2019-11-18,Chest,44,chest,2019,11,47,18
1053,2019-11-19,Back,45,back,2019,11,47,19
1054,2019-11-20,Rest,0,rest,2019,11,47,20
1055,2019-11-21,Chest,42,chest,2019,11,47,21
1056,2019-11-22,Back,46,back,2019,11,47,22
1057,2019-11-23,Rest,0,rest,2019,11,47,23
1058,2019-11-24,Rest,0,rest,2019,11,47,24
1059,2019-11-25,Chest,45,chest,2019,11,48,25
1060,2019-11-26,Back,45,back,2019,11,48,26
1061,2019-11-27,Compound,45,compound,2019,11,48,27
1062,2019-11-28,Chest,44,chest,2019,11,48,28
1063,2019-11-29,Back,45,back,2019,11,48,29
1064,2019-11-30,Compound,46,compound,2019,11,48,30
1065,2019-12-01,Rest,0,rest,2019,12,48,1
1066,2019-12-02,Chest,43,chest,2019,12,49,2
1067,2019-12-03,Back,43,back,2019,12,49,3
1068,2019-12-04,Chest,46,chest,2019,12,49,4
1069,2019-12-05,Back,42,back,2019,12,49,5
1070,2019-12-06,Compound,41,compound,2019,12,49,6
1071,2019-12-07,Rest,0,rest,2019,12,49,7
1072,2019-12-08,Rest,0,rest,2019,12,49,8
1073,2019-12-09,Compound,46,compound,2019,12,50,9
1074,2019-12-10,Rest,0,rest,2019,12,50,10
1075,2019-12-11,Compound,41,compound,2019,12,50,11
1076,2019-12-12,Rest,0,rest,2019,12,50,12
1077,2019-12-13,Compound,48,compound,2019,12,50,13
1078,2019-12-14,Rest,0,rest,2019,12,50,14
1079,2019-12-15,Compound,45,compound,2019,12,50,15
1080,2019-12-16,Rest,0,rest,2019,12,51,16
1081,2019-12-17,Compound,45,compound,2019,12,51,17
1082,2019-12-18,Rest,0,rest,2019,12,51,18
1083,2019-12-19,Rest,0,rest,2019,12,51,19
1084,2019-12-20,Compound,45,compound,2019,12,51,20
1085,2019-12-21,Rest,0,rest,2019,12,51,21
1086,2019-12-22,Compound,40,compound,2019,12,51,22
1087,2019-12-23,Rest,0,rest,2019,12,52,23
1088,2019-12-24,Compound,43,compound,2019,12,52,24
1089,2019-12-25,Rest,0,rest,2019,12,52,25
1090,2019-12-26,Rest,0,rest,2019,12,52,26
1091,2019-12-27,Compound,40,compound,2019,12,52,27
1092,2019-12-28,Rest,0,rest,2019,12,52,28
1093,2019-12-29,Rest,0,rest,2019,12,52,29
1094,2019-12-30,Rest,0,rest,2019,12,1,30
1095,2019-12-31,Rest,0,rest,2019,12,1,31
1096,2020-01-01,Rest,0,rest,2020,1,1,1
1097,2020-01-02,Rest,0,rest,2020,1,1,2
1098,2020-01-03,Rest,0,rest,2020,1,1,3
1099,2020-01-04,Rest,0,rest,2020,1,1,4
1100,2020-01-05,Rest,0,rest,2020,1,1,5
1101,2020-01-06,Rest,0,rest,2020,1,2,6
1102,2020-01-07,Rest,0,rest,2020,1,2,7
1103,2020-01-08,Rest,0,rest,2020,1,2,8
1104,2020-01-09,Rest,0,rest,2020,1,2,9
1105,2020-01-10,Chest,35,chest,2020,1,2,10
1106,2020-01-11,Back,36,back,2020,1,2,11
1107,2020-01-12,Legs,26,legs,2020,1,2,12
1108,2020-01-13,Chest,37,chest,2020,1,3,13
1109,2020-01-14,Back,34,back,2020,1,3,14
1110,2020-01-15,Legs,29,legs,2020,1,3,15
1111,2020-01-16,Chest,38,chest,2020,1,3,16
1112,2020-01-17,Back,37,back,2020,1,3,17
1113,2020-01-18,Legs,27,legs,2020,1,3,18
1114,2020-01-19,Rest,0,rest,2020,1,3,19
1115,2020-01-20,Chest,35,chest,2020,1,4,20
1116,2020-01-21,Back,37,back,2020,1,4,21
1117,2020-01-22,Legs,27,legs,2020,1,4,22
1118,2020-01-23,Chest,36,chest,2020,1,4,23
1119,2020-01-24,Back,39,back,2020,1,4,24
1120,2020-01-25,Rest,0,rest,2020,1,4,25
1121,2020-01-26,Rest,0,rest,2020,1,4,26
1122,2020-01-27,Chest,37,chest,2020,1,5,27
1123,2020-01-28,Back,34,back,2020,1,5,28
1124,2020-01-29,Legs,29,legs,2020,1,5,29
1125,2020-01-30,Chest,33,chest,2020,1,5,30
1126,2020-01-31,Back,37,back,2020,1,5,31
1127,2020-02-01,Legs,28,legs,2020,2,5,1
1128,2020-02-02,Rest,0,rest,2020,2,5,2
1129,2020-02-03,Chest,36,chest,2020,2,6,3
1130,2020-02-04,Back,33,back,2020,2,6,4
1131,2020-02-05,Legs,28,legs,2020,2,6,5
1132,2020-02-06,Chest,35,chest,2020,2,6,6
1133,2020-02-07,Back,33,back,2020,2,6,7
1134,2020-02-08,Running,41,cardio,2020,2,6,8
1135,2020-02-09,Running,40,cardio,2020,2,6,9
1136,2020-02-10,Chest,34,chest,2020,2,7,10
1137,2020-02-11,Back,31,back,2020,2,7,11
1138,2020-02-12,Rest,0,rest,2020,2,7,12
1139,2020-02-13,Rest,0,rest,2020,2,7,13
1140,2020-02-14,Rest,0,rest,2020,2,7,14
1141,2020-02-15,Rest,0,rest,2020,2,7,15
1142,2020-02-16,Rest,0,rest,2020,2,7,16
1143,2020-02-17,Rest,0,rest,2020,2,8,17
1144,2020-02-18,Rest,0,rest,2020,2,8,18
1145,2020-02-19,Rest,0,rest,2020,2,8,19
1146,2020-02-20,Rest,0,rest,2020,2,8,20
1147,2020-02-21,Chest,39,chest,2020,2,8,21
1148,2020-02-22,Back,39,back,2020,2,8,22
1149,2020-02-23,Rest,0,rest,2020,2,8,23
1150,2020-02-24,Chest,35,chest,2020,2,9,24
1151,2020-02-25,Back,35,back,2020,2,9,25
1152,2020-02-26,Legs,24,legs,2020,2,9,26
1153,2020-02-27,Chest,36,chest,2020,2,9,27
1154,2020-02-28,Back,35,back,2020,2,9,28
1155,2020-02-29,Rest,0,rest,2020,2,9,29
1156,2020-03-01,Rest,0,rest,2020,3,9,1
1157,2020-03-02,Chest,28,chest,2020,3,10,2
1158,2020-03-03,Back,37,back,2020,3,10,3
1159,2020-03-04,Legs,29,legs,2020,3,10,4
1160,2020-03-05,Chest,32,chest,2020,3,10,5
1161,2020-03-06,Back,38,back,2020,3,10,6
1162,2020-03-07,Running,40,cardio,2020,3,10,7
1163,2020-03-08,Rest,0,rest,2020,3,10,8
1164,2020-03-09,Chest,35,chest,2020,3,11,9
1165,2020-03-10,Back,33,back,2020,3,11,10
1166,2020-03-11,Rest,0,rest,2020,3,11,11
1167,2020-03-12,Rest,0,rest,2020,3,11,12
1168,2020-03-13,Running,36,cardio,2020,3,11,13
1169,2020-03-14,Rest,0,rest,2020,3,11,14
1170,2020-03-15,Rest,0,rest,2020,3,11,15
1171,2020-03-16,Rest,0,rest,2020,3,12,16
1172,2020-03-17,Rest,0,rest,2020,3,12,17
1173,2020-03-18,Compound,45,compound,2020,3,12,18
1174,2020-03-19,Rest,0,rest,2020,3,12,19
1175,2020-03-20,Rest,0,rest,2020,3,12,20
1176,2020-03-21,Running,42,cardio,2020,3,12,21
1177,2020-03-22,Compound,39,compound,2020,3,12,22
