no,date,workout,duration,category,daydelta,duration_diff,year,month,week,day
1,2017-01-05,Chest,68,chest,0,0.0,2017,1,1,5
2,2017-01-06,Back,48,back,1,-29.41,2017,1,1,6
3,2017-01-07,Running,24,cardio,1,-50.0,2017,1,1,7
4,2017-01-08,Other,52,other,1,116.67,2017,1,1,8
5,2017-01-09,Back,44,back,1,-15.38,2017,1,2,9
6,2017-01-10,Running,24,cardio,1,-45.45,2017,1,2,10
7,2017-01-11,Chest,71,chest,1,195.83,2017,1,2,11
8,2017-01-12,Back,44,back,1,-38.03,2017,1,2,12
9,2017-01-13,Running,24,cardio,1,-45.45,2017,1,2,13
10,2017-01-14,Other,66,other,1,175.0,2017,1,2,14
11,2017-01-15,Back,45,back,1,-31.82,2017,1,2,15
12,2017-01-16,Running,24,cardio,1,-46.67,2017,1,3,16
13,2017-01-17,Chest,49,chest,1,104.17,2017,1,3,17
14,2017-01-18,Back,60,back,1,22.45,2017,1,3,18
15,2017-01-19,Running,24,cardio,1,-60.0,2017,1,3,19
16,2017-01-20,Other,38,other,1,58.33,2017,1,3,20
17,2017-01-21,Back,39,back,1,2.63,2017,1,3,21
18,2017-01-22,Running,46,cardio,1,17.95,2017,1,3,22
19,2017-01-23,Back,50,back,1,8.7,2017,1,4,23
20,2017-01-24,Chest,60,chest,1,20.0,2017,1,4,24
21,2017-01-25,Running,47,cardio,1,-21.67,2017,1,4,25
22,2017-01-26,Back,45,back,1,-4.26,2017,1,4,26
23,2017-01-27,Chest,45,chest,1,0.0,2017,1,4,27
24,2017-01-28,Running,49,cardio,1,8.89,2017,1,4,28
25,2017-01-29,Back,41,back,1,-16.33,2017,1,4,29
26,2017-01-31,Chest,47,chest,2,14.63,2017,1,5,31
27,2017-02-02,Running,38,cardio,2,-19.15,2017,2,5,2
28,2017-02-03,Back,51,back,1,34.21,2017,2,5,3
29,2017-02-04,Chest,43,chest,1,-15.69,2017,2,5,4
30,2017-02-05,Running,35,cardio,1,-18.6,2017,2,5,5
31,2017-02-06,Back,40,back,1,14.29,2017,2,6,6
32,2017-02-07,Chest,67,chest,1,67.5,2017,2,6,7
33,2017-02-08,Back,43,back,1,-35.82,2017,2,6,8
34,2017-02-10,Chest,44,chest,2,2.33,2017,2,6,10
35,2017-02-11,Running,46,cardio,1,4.55,2017,2,6,11
36,2017-02-12,Back,44,back,1,-4.35,2017,2,6,12
37,2017-02-13,Chest,54,chest,1,22.73,2017,2,7,13
38,2017-02-14,Running,47,cardio,1,-12.96,2017,2,7,14
39,2017-02-15,Back,52,back,1,10.64,2017,2,7,15
40,2017-02-16,Chest,45,chest,1,-13.46,2017,2,7,16
41,2017-02-17,Back,49,back,1,8.89,2017,2,7,17
42,2017-02-19,Running,26,cardio,2,-46.94,2017,2,7,19
43,2017-02-20,Back,49,back,1,88.46,2017,2,8,20
44,2017-02-21,Chest,47,chest,1,-4.08,2017,2,8,21
45,2017-02-23,Back,43,back,2,-8.51,2017,2,8,23
46,2017-02-24,Running,46,cardio,1,6.98,2017,2,8,24
47,2017-02-26,Back,39,back,2,-15.22,2017,2,8,26
48,2017-02-27,Chest,38,chest,1,-2.56,2017,2,9,27
49,2017-02-28,Running,47,cardio,1,23.68,2017,2,9,28
50,2017-03-01,Back,49,back,1,4.26,2017,3,9,1
51,2017-03-02,Chest,56,chest,1,14.29,2017,3,9,2
52,2017-03-03,Running,46,cardio,1,-17.86,2017,3,9,3
53,2017-03-04,Back,44,back,1,-4.35,2017,3,9,4
54,2017-03-05,Chest,42,chest,1,-4.55,2017,3,9,5
55,2017-03-06,Running,45,cardio,1,7.14,2017,3,10,6
56,2017-03-07,Back,43,back,1,-4.44,2017,3,10,7
57,2017-03-08,Chest,46,chest,1,6.98,2017,3,10,8
58,2017-03-10,Back,40,back,2,-13.04,2017,3,10,10
59,2017-03-11,Chest,37,chest,1,-7.5,2017,3,10,11
60,2017-03-12,Back,41,back,1,10.81,2017,3,10,12
61,2017-03-13,Chest,45,chest,1,9.76,2017,3,11,13
62,2017-03-14,Back,41,back,1,-8.89,2017,3,11,14
63,2017-03-15,Chest,45,chest,1,9.76,2017,3,11,15
64,2017-03-16,Back,52,back,1,15.56,2017,3,11,16
65,2017-03-18,Chest,47,chest,2,-9.62,2017,3,11,18
66,2017-03-19,Back,62,back,1,31.91,2017,3,11,19
67,2017-03-20,Chest,51,chest,1,-17.74,2017,3,12,20
68,2017-03-22,Back,43,back,2,-15.69,2017,3,12,22
69,2017-03-23,Chest,42,chest,1,-2.33,2017,3,12,23
70,2017-03-24,Back,38,back,1,-9.52,2017,3,12,24
71,2017-03-25,Chest,37,chest,1,-2.63,2017,3,12,25
72,2017-03-26,Back,51,back,1,37.84,2017,3,12,26
73,2017-03-27,Chest,36,chest,1,-29.41,2017,3,13,27
74,2017-03-30,Cardio,53,cardio,3,47.22,2017,3,13,30
75,2017-03-31,Chest,45,chest,1,-15.09,2017,3,13,31
76,2017-04-01,Pull 2 + Cardio,92,double_workout,1,104.44,2017,4,13,1
77,2017-04-02,Texas + Cardio,64,double_workout,1,-30.43,2017,4,13,2
78,2017-04-04,Chest,34,chest,2,-46.88,2017,4,14,4
79,2017-04-05,Back,41,back,1,20.59,2017,4,14,5
80,2017-04-06,Cardio,63,cardio,1,53.66,2017,4,14,6
81,2017-04-07,Back,43,back,1,-31.75,2017,4,14,7
82,2017-04-08,Other,40,other,1,-6.98,2017,4,14,8
83,2017-04-09,Insane Chest + Cardio,112,double_workout,1,180.0,2017,4,14,9
84,2017-04-11,Back + Cardio,109,double_workout,2,-2.68,2017,4,15,11
85,2017-04-12,Chest,50,chest,1,-54.13,2017,4,15,12
86,2017-04-13,Back,46,back,1,-8.0,2017,4,15,13
87,2017-04-14,Compound,36,compound,1,-21.74,2017,4,15,14
88,2017-04-15,Cardio,56,cardio,1,55.56,2017,4,15,15
89,2017-04-17,Running,41,cardio,2,-26.79,2017,4,16,17
90,2017-04-18,Compound,50,compound,1,21.95,2017,4,16,18
91,2017-04-19,Back,50,back,1,0.0,2017,4,16,19
92,2017-04-20,Compound,46,compound,1,-8.0,2017,4,16,20
93,2017-04-21,Chest,38,chest,1,-17.39,2017,4,16,21
94,2017-04-22,Compound,45,compound,1,18.42,2017,4,16,22
95,2017-04-23,Running,25,cardio,1,-44.44,2017,4,16,23
96,2017-04-25,Back,49,back,2,96.0,2017,4,17,25
97,2017-04-26,Chest,37,chest,1,-24.49,2017,4,17,26
98,2017-04-27,Running,36,cardio,1,-2.7,2017,4,17,27
99,2017-04-28,Back,40,back,1,11.11,2017,4,17,28
100,2017-04-29,Chest,42,chest,1,5.0,2017,4,17,29
101,2017-04-30,Pull 1 + Cardio,84,double_workout,1,100.0,2017,4,17,30
102,2017-05-01,Chest,41,chest,1,-51.19,2017,5,18,1
103,2017-05-02,Running,36,cardio,1,-12.2,2017,5,18,2
104,2017-05-03,Cobra Back + Abs,51,double_workout,1,41.67,2017,5,18,3
105,2017-05-04,Chest,40,chest,1,-21.57,2017,5,18,4
106,2017-05-05,Running,37,cardio,1,-7.5,2017,5,18,5
107,2017-05-06,Back,44,back,1,18.92,2017,5,18,6
108,2017-05-07,Chest,39,chest,1,-11.36,2017,5,18,7
109,2017-05-08,Back,41,back,1,5.13,2017,5,19,8
110,2017-05-09,Texas + Cardio,81,double_workout,1,97.56,2017,5,19,9
111,2017-05-10,Legs,48,legs,1,-40.74,2017,5,19,10
112,2017-05-11,Texas + Cardio,71,double_workout,1,47.92,2017,5,19,11
113,2017-05-12,Chest,46,chest,1,-35.21,2017,5,19,12
114,2017-05-13,Back,34,back,1,-26.09,2017,5,19,13
115,2017-05-14,Compound,43,compound,1,26.47,2017,5,19,14
116,2017-05-15,Chest,39,chest,1,-9.3,2017,5,20,15
117,2017-05-16,Running,32,cardio,1,-17.95,2017,5,20,16
118,2017-05-17,Back,50,back,1,56.25,2017,5,20,17
119,2017-05-18,Chest + Cardio,85,double_workout,1,70.0,2017,5,20,18
120,2017-05-19,Compound,50,compound,1,-41.18,2017,5,20,19
121,2017-05-20,Legs,50,legs,1,0.0,2017,5,20,20
122,2017-05-21,Compound,52,compound,1,4.0,2017,5,20,21
123,2017-05-22,Chest,48,chest,1,-7.69,2017,5,21,22
124,2017-05-23,Running,33,cardio,1,-31.25,2017,5,21,23
125,2017-05-24,Back,43,back,1,30.3,2017,5,21,24
126,2017-05-25,Running,37,cardio,1,-13.95,2017,5,21,25
127,2017-05-26,Compound,43,compound,1,16.22,2017,5,21,26
128,2017-05-27,Legs,50,legs,1,16.28,2017,5,21,27
129,2017-05-28,Compound,44,compound,1,-12.0,2017,5,21,28
130,2017-05-29,Chest,37,chest,1,-15.91,2017,5,22,29
131,2017-05-30,Running,34,cardio,1,-8.11,2017,5,22,30
132,2017-05-31,Back,42,back,1,23.53,2017,5,22,31
133,2017-06-01,Compound,44,compound,1,4.76,2017,6,22,1
134,2017-06-02,Chest,39,chest,1,-11.36,2017,6,22,2
135,2017-06-03,Back,33,back,1,-15.38,2017,6,22,3
136,2017-06-04,Legs,37,legs,1,12.12,2017,6,22,4
137,2017-06-05,Compound,41,compound,1,10.81,2017,6,23,5
138,2017-06-06,Chest,45,chest,1,9.76,2017,6,23,6
139,2017-06-07,Back,34,back,1,-24.44,2017,6,23,7
140,2017-06-08,Legs,23,legs,1,-32.35,2017,6,23,8
141,2017-06-09,Compound,34,compound,1,47.83,2017,6,23,9
142,2017-06-10,Chest,36,chest,1,5.88,2017,6,23,10
143,2017-06-11,Back,36,back,1,0.0,2017,6,23,11
144,2017-06-12,Legs,25,legs,1,-30.56,2017,6,24,12
145,2017-06-13,Compound,39,compound,1,56.0,2017,6,24,13
146,2017-06-15,Chest,36,chest,2,-7.69,2017,6,24,15
147,2017-06-16,Back,45,back,1,25.0,2017,6,24,16
148,2017-06-17,Legs,23,legs,1,-48.89,2017,6,24,17
149,2017-06-18,Compound,40,compound,1,73.91,2017,6,24,18
150,2017-06-19,Back,37,back,1,-7.5,2017,6,25,19
151,2017-06-22,Back,39,back,3,5.41,2017,6,25,22
152,2017-06-23,Chest,39,chest,1,0.0,2017,6,25,23
153,2017-06-24,Back,44,back,1,12.82,2017,6,25,24
154,2017-06-25,Chest + Back,45,double_workout,1,2.27,2017,6,25,25
155,2017-06-26,Chest,37,chest,1,-17.78,2017,6,26,26
156,2017-06-27,Back,50,back,1,35.14,2017,6,26,27
157,2017-06-28,Chest and Biceps + Back,92,double_workout,1,84.0,2017,6,26,28
158,2017-06-29,Other,47,other,1,-48.91,2017,6,26,29
159,2017-06-30,Chest,51,chest,1,8.51,2017,6,26,30
160,2017-07-01,Compound,54,compound,1,5.88,2017,7,26,1
161,2017-07-02,Back,35,back,1,-35.19,2017,7,26,2
162,2017-07-03,Chest,53,chest,1,51.43,2017,7,27,3
163,2017-07-04,Back,45,back,1,-15.09,2017,7,27,4
164,2017-07-05,Chest,66,chest,1,46.67,2017,7,27,5
165,2017-07-06,Back,67,back,1,1.52,2017,7,27,6
166,2017-07-07,Chest,81,chest,1,20.9,2017,7,27,7
167,2017-07-08,Back,59,back,1,-27.16,2017,7,27,8
168,2017-07-10,Chest,79,chest,2,33.9,2017,7,28,10
169,2017-07-11,Back,59,back,1,-25.32,2017,7,28,11
170,2017-07-12,Legs,90,legs,1,52.54,2017,7,28,12
171,2017-07-13,Chest,72,chest,1,-20.0,2017,7,28,13
172,2017-07-14,Back,58,back,1,-19.44,2017,7,28,14
173,2017-07-15,Other,52,other,1,-10.34,2017,7,28,15
174,2017-07-17,Chest,113,chest,2,117.31,2017,7,29,17
175,2017-07-18,Back,118,back,1,4.42,2017,7,29,18
176,2017-07-19,Chest,82,chest,1,-30.51,2017,7,29,19
177,2017-07-20,Back,109,back,1,32.93,2017,7,29,20
178,2017-07-21,Compound,92,compound,1,-15.6,2017,7,29,21
179,2017-07-22,Other,35,other,1,-61.96,2017,7,29,22
180,2017-07-24,Back,106,back,2,202.86,2017,7,30,24
181,2017-07-25,Chest,105,chest,1,-0.94,2017,7,30,25
182,2017-07-26,Back,53,back,1,-49.52,2017,7,30,26
183,2017-07-27,Chest,82,chest,1,54.72,2017,7,30,27
184,2017-07-28,Back,103,back,1,25.61,2017,7,30,28
185,2017-07-29,Chest,65,chest,1,-36.89,2017,7,30,29
186,2017-07-30,Cycling + Cobra Back,150,double_workout,1,130.77,2017,7,30,30
187,2017-07-31,Chest,52,chest,1,-65.33,2017,7,31,31
188,2017-08-01,Back,54,back,1,3.85,2017,8,31,1
189,2017-08-02,Legs,59,legs,1,9.26,2017,8,31,2
190,2017-08-03,Compound,87,compound,1,47.46,2017,8,31,3
191,2017-08-04,Back,59,back,1,-32.18,2017,8,31,4
192,2017-08-05,Chest,55,chest,1,-6.78,2017,8,31,5
193,2017-08-06,Back,55,back,1,0.0,2017,8,31,6
194,2017-08-07,Chest,52,chest,1,-5.45,2017,8,32,7
195,2017-08-08,Legs,68,legs,1,30.77,2017,8,32,8
196,2017-08-09,Back,63,back,1,-7.35,2017,8,32,9
197,2017-08-10,Chest,87,chest,1,38.1,2017,8,32,10
198,2017-08-11,Compound,63,compound,1,-27.59,2017,8,32,11
199,2017-08-12,Back,53,back,1,-15.87,2017,8,32,12
200,2017-08-13,Compound,48,compound,1,-9.43,2017,8,32,13
201,2017-08-14,Legs,48,legs,1,0.0,2017,8,33,14
202,2017-08-15,Chest,52,chest,1,8.33,2017,8,33,15
203,2017-08-16,Back,47,back,1,-9.62,2017,8,33,16
204,2017-08-17,Chest,81,chest,1,72.34,2017,8,33,17
205,2017-08-18,Back,59,back,1,-27.16,2017,8,33,18
206,2017-08-19,Legs,34,legs,1,-42.37,2017,8,33,19
207,2017-08-20,Compound,66,compound,1,94.12,2017,8,33,20
208,2017-08-21,Compound + Chest,132,double_workout,1,100.0,2017,8,34,21
209,2017-08-22,Back,51,back,1,-61.36,2017,8,34,22
210,2017-08-23,Legs,52,legs,1,1.96,2017,8,34,23
211,2017-08-24,Compound,61,compound,1,17.31,2017,8,34,24
212,2017-08-25,Back,65,back,1,6.56,2017,8,34,25
213,2017-08-26,Chest,49,chest,1,-24.62,2017,8,34,26
214,2017-08-28,Legs,49,legs,2,0.0,2017,8,35,28
215,2017-08-29,Chest,60,chest,1,22.45,2017,8,35,29
216,2017-08-30,Back,45,back,1,-25.0,2017,8,35,30
217,2017-08-31,Compound,46,compound,1,2.22,2017,8,35,31
218,2017-09-01,Legs,49,legs,1,6.52,2017,9,35,1
219,2017-09-02,Chest,51,chest,1,4.08,2017,9,35,2
220,2017-09-03,Back,44,back,1,-13.73,2017,9,35,3
221,2017-09-04,Legs,46,legs,1,4.55,2017,9,36,4
222,2017-09-05,Back,55,back,1,19.57,2017,9,36,5
223,2017-09-06,Chest,50,chest,1,-9.09,2017,9,36,6
224,2017-09-07,Back,46,back,1,-8.0,2017,9,36,7
225,2017-09-08,Legs,49,legs,1,6.52,2017,9,36,8
226,2017-09-09,Compound,50,compound,1,2.04,2017,9,36,9
227,2017-09-10,Chest,45,chest,1,-10.0,2017,9,36,10
228,2017-09-11,Back,46,back,1,2.22,2017,9,37,11
229,2017-09-13,Legs,42,legs,2,-8.7,2017,9,37,13
230,2017-09-14,Chest,47,chest,1,11.9,2017,9,37,14
231,2017-09-15,Back,46,back,1,-2.13,2017,9,37,15
232,2017-09-16,Legs,35,legs,1,-23.91,2017,9,37,16
233,2017-09-17,Chest,48,chest,1,37.14,2017,9,37,17
234,2017-09-18,Back,39,back,1,-18.75,2017,9,38,18
235,2017-09-21,Chest,38,chest,3,-2.56,2017,9,38,21
236,2017-09-22,Running,31,cardio,1,-18.42,2017,9,38,22
237,2017-09-23,Back,45,back,1,45.16,2017,9,38,23
238,2017-09-24,Running,29,cardio,1,-35.56,2017,9,38,24
239,2017-09-25,Legs,40,legs,1,37.93,2017,9,39,25
240,2017-09-26,Running,32,cardio,1,-20.0,2017,9,39,26
241,2017-09-27,Chest,39,chest,1,21.88,2017,9,39,27
242,2017-09-28,Running,33,cardio,1,-15.38,2017,9,39,28
243,2017-09-29,Back,41,back,1,24.24,2017,9,39,29
244,2017-09-30,Running,33,cardio,1,-19.51,2017,9,39,30
245,2017-10-01,Legs,37,legs,1,12.12,2017,10,39,1
246,2017-10-02,Running,34,cardio,1,-8.11,2017,10,40,2
247,2017-10-03,Chest,40,chest,1,17.65,2017,10,40,3
248,2017-10-04,Running,36,cardio,1,-10.0,2017,10,40,4
249,2017-10-05,Back,41,back,1,13.89,2017,10,40,5
250,2017-10-06,Running,31,cardio,1,-24.39,2017,10,40,6
251,2017-10-07,Legs,33,legs,1,6.45,2017,10,40,7
252,2017-10-08,Running,39,cardio,1,18.18,2017,10,40,8
253,2017-10-09,Chest,41,chest,1,5.13,2017,10,41,9
254,2017-10-10,Running,35,cardio,1,-14.63,2017,10,41,10
255,2017-10-11,Back,32,back,1,-8.57,2017,10,41,11
256,2017-10-12,Running,38,cardio,1,18.75,2017,10,41,12
257,2017-10-13,Legs,35,legs,1,-7.89,2017,10,41,13
258,2017-10-14,Chest,43,chest,1,22.86,2017,10,41,14
259,2017-10-15,Back,45,back,1,4.65,2017,10,41,15
260,2017-10-16,Legs,34,legs,1,-24.44,2017,10,42,16
261,2017-10-17,Running,36,cardio,1,5.88,2017,10,42,17
262,2017-10-18,Compound,37,compound,1,2.78,2017,10,42,18
263,2017-10-19,Running,35,cardio,1,-5.41,2017,10,42,19
264,2017-10-20,Legs,31,legs,1,-11.43,2017,10,42,20
265,2017-10-21,Running,36,cardio,1,16.13,2017,10,42,21
266,2017-10-22,Compound,47,compound,1,30.56,2017,10,42,22
267,2017-10-23,Legs,31,legs,1,-34.04,2017,10,43,23
268,2017-10-24,Running,37,cardio,1,19.35,2017,10,43,24
269,2017-10-25,Compound,43,compound,1,16.22,2017,10,43,25
270,2017-10-26,Running,36,cardio,1,-16.28,2017,10,43,26
271,2017-10-27,Legs,36,legs,1,0.0,2017,10,43,27
272,2017-10-28,Chest,34,chest,1,-5.56,2017,10,43,28
273,2017-10-29,Back,44,back,1,29.41,2017,10,43,29
274,2017-10-30,Legs,26,legs,1,-40.91,2017,10,44,30
275,2017-10-31,Running,35,cardio,1,34.62,2017,10,44,31
276,2017-11-01,Compound,38,compound,1,8.57,2017,11,44,1
277,2017-11-02,Running,35,cardio,1,-7.89,2017,11,44,2
278,2017-11-03,Legs,28,legs,1,-20.0,2017,11,44,3
279,2017-11-04,Chest,40,chest,1,42.86,2017,11,44,4
280,2017-11-05,Back,39,back,1,-2.5,2017,11,44,5
281,2017-11-08,Legs,28,legs,3,-28.21,2017,11,45,8
282,2017-11-09,Running,35,cardio,1,25.0,2017,11,45,9
283,2017-11-10,Chest,42,chest,1,20.0,2017,11,45,10
284,2017-11-11,Back,42,back,1,0.0,2017,11,45,11
285,2017-11-12,Compound,41,compound,1,-2.38,2017,11,45,12
286,2017-11-13,Legs,30,legs,1,-26.83,2017,11,46,13
287,2017-11-14,Running,38,cardio,1,26.67,2017,11,46,14
288,2017-11-15,Compound,31,compound,1,-18.42,2017,11,46,15
289,2017-11-16,Legs,30,legs,1,-3.23,2017,11,46,16
290,2017-11-17,Running,40,cardio,1,33.33,2017,11,46,17
291,2017-11-18,Chest,38,chest,1,-5.0,2017,11,46,18
292,2017-11-19,Back,34,back,1,-10.53,2017,11,46,19
293,2017-11-20,Running,43,cardio,1,26.47,2017,11,47,20
294,2017-11-21,Running,42,cardio,1,-2.33,2017,11,47,21
295,2017-11-22,Compound,45,compound,1,7.14,2017,11,47,22
296,2017-11-23,Running,42,cardio,1,-6.67,2017,11,47,23
297,2017-11-24,Running,42,cardio,1,0.0,2017,11,47,24
298,2017-11-25,Legs,28,legs,1,-33.33,2017,11,47,25
299,2017-11-26,Compound,48,compound,1,71.43,2017,11,47,26
300,2017-11-27,Running,42,cardio,1,-12.5,2017,11,48,27
301,2017-11-28,Running,40,cardio,1,-4.76,2017,11,48,28
302,2017-11-29,Compound,43,compound,1,7.5,2017,11,48,29
303,2017-11-30,Running,56,cardio,1,30.23,2017,11,48,30
304,2017-12-01,Running,43,cardio,1,-23.21,2017,12,48,1
305,2017-12-02,Compound,52,compound,1,20.93,2017,12,48,2
306,2017-12-03,Legs,32,legs,1,-38.46,2017,12,48,3
307,2017-12-04,Running,42,cardio,1,31.25,2017,12,49,4
308,2017-12-05,Running,44,cardio,1,4.76,2017,12,49,5
309,2017-12-06,Compound,39,compound,1,-11.36,2017,12,49,6
310,2017-12-07,Running,44,cardio,1,12.82,2017,12,49,7
311,2017-12-08,Running,43,cardio,1,-2.27,2017,12,49,8
312,2017-12-09,Compound,46,compound,1,6.98,2017,12,49,9
313,2017-12-10,Compound,47,compound,1,2.17,2017,12,49,10
314,2017-12-11,Running,44,cardio,1,-6.38,2017,12,50,11
315,2017-12-12,Running,42,cardio,1,-4.55,2017,12,50,12
316,2017-12-13,Compound,43,compound,1,2.38,2017,12,50,13
317,2017-12-14,Running,55,cardio,1,27.91,2017,12,50,14
318,2017-12-15,Compound,43,compound,1,-21.82,2017,12,50,15
319,2017-12-16,Compound,46,compound,1,6.98,2017,12,50,16
320,2017-12-18,Running,40,cardio,2,-13.04,2017,12,51,18
321,2017-12-19,Running,41,cardio,1,2.5,2017,12,51,19
322,2017-12-20,Compound,47,compound,1,14.63,2017,12,51,20
323,2017-12-21,Running,40,cardio,1,-14.89,2017,12,51,21
324,2017-12-22,Running,40,cardio,1,0.0,2017,12,51,22
325,2017-12-23,Compound,38,compound,1,-5.0,2017,12,51,23
326,2017-12-24,Running,39,cardio,1,2.63,2017,12,51,24
327,2017-12-27,Compound,43,compound,3,10.26,2017,12,52,27
328,2018-01-02,Compound,41,compound,6,-4.65,2018,1,1,2
329,2018-01-03,Compound,40,compound,1,-2.44,2018,1,1,3
330,2018-01-04,Compound,41,compound,1,2.5,2018,1,1,4
331,2018-01-07,Legs,26,legs,3,-36.59,2018,1,1,7
332,2018-01-08,Chest,25,chest,1,-3.85,2018,1,2,8
333,2018-01-09,Back,28,back,1,12.0,2018,1,2,9
334,2018-01-11,Legs,23,legs,2,-17.86,2018,1,2,11
335,2018-01-12,Chest,28,chest,1,21.74,2018,1,2,12
336,2018-01-13,Back,28,back,1,0.0,2018,1,2,13
337,2018-01-18,Chest,37,chest,5,32.14,2018,1,3,18
338,2018-01-19,Back,32,back,1,-13.51,2018,1,3,19
339,2018-01-20,Legs,27,legs,1,-15.62,2018,1,3,20
340,2018-01-21,Chest,31,chest,1,14.81,2018,1,3,21
341,2018-01-22,Back,27,back,1,-12.9,2018,1,4,22
342,2018-01-23,Legs,26,legs,1,-3.7,2018,1,4,23
343,2018-01-24,Chest,29,chest,1,11.54,2018,1,4,24
344,2018-01-25,Back,32,back,1,10.34,2018,1,4,25
345,2018-01-26,Legs,35,legs,1,9.38,2018,1,4,26
346,2018-01-27,Chest,33,chest,1,-5.71,2018,1,4,27
347,2018-01-28,Back,35,back,1,6.06,2018,1,4,28
348,2018-01-29,Legs,34,legs,1,-2.86,2018,1,5,29
349,2018-01-31,Chest,34,chest,2,0.0,2018,1,5,31
350,2018-02-01,Back,31,back,1,-8.82,2018,2,5,1
351,2018-02-02,Legs,31,legs,1,0.0,2018,2,5,2
352,2018-02-03,Chest,25,chest,1,-19.35,2018,2,5,3
353,2018-02-04,Back,29,back,1,16.0,2018,2,5,4
354,2018-02-05,Legs,28,legs,1,-3.45,2018,2,6,5
355,2018-02-07,Chest,32,chest,2,14.29,2018,2,6,7
356,2018-02-08,Back,29,back,1,-9.38,2018,2,6,8
357,2018-02-09,Running,31,cardio,1,6.9,2018,2,6,9
358,2018-02-10,Chest,33,chest,1,6.45,2018,2,6,10
359,2018-02-11,Back,31,back,1,-6.06,2018,2,6,11
360,2018-02-12,Legs,28,legs,1,-9.68,2018,2,7,12
361,2018-02-13,Chest,31,chest,1,10.71,2018,2,7,13
362,2018-02-14,Back,30,back,1,-3.23,2018,2,7,14
363,2018-02-16,Running,33,cardio,2,10.0,2018,2,7,16
364,2018-02-17,Chest,35,chest,1,6.06,2018,2,7,17
365,2018-02-18,Back,30,back,1,-14.29,2018,2,7,18
366,2018-02-19,Legs,29,legs,1,-3.33,2018,2,8,19
367,2018-02-20,Running,34,cardio,1,17.24,2018,2,8,20
368,2018-02-21,Chest,33,chest,1,-2.94,2018,2,8,21
369,2018-02-22,Back,26,back,1,-21.21,2018,2,8,22
370,2018-02-23,Running,33,cardio,1,26.92,2018,2,8,23
371,2018-02-24,Chest,31,chest,1,-6.06,2018,2,8,24
372,2018-02-25,Back,29,back,1,-6.45,2018,2,8,25
373,2018-02-26,Legs,28,legs,1,-3.45,2018,2,9,26
374,2018-02-28,Chest,29,chest,2,3.57,2018,2,9,28
375,2018-03-01,Back,30,back,1,3.45,2018,3,9,1
376,2018-03-03,Chest,33,chest,2,10.0,2018,3,9,3
377,2018-03-04,Back,30,back,1,-9.09,2018,3,9,4
378,2018-03-05,Legs,25,legs,1,-16.67,2018,3,10,5
379,2018-03-07,Chest,30,chest,2,20.0,2018,3,10,7
380,2018-03-08,Back,29,back,1,-3.33,2018,3,10,8
381,2018-03-09,Running,33,cardio,1,13.79,2018,3,10,9
382,2018-03-10,Chest,33,chest,1,0.0,2018,3,10,10
383,2018-03-11,Back,29,back,1,-12.12,2018,3,10,11
384,2018-03-12,Legs,26,legs,1,-10.34,2018,3,11,12
385,2018-03-13,Running,39,cardio,1,50.0,2018,3,11,13
386,2018-03-14,Chest,31,chest,1,-20.51,2018,3,11,14
387,2018-03-15,Back,31,back,1,0.0,2018,3,11,15
388,2018-03-16,Running,41,cardio,1,32.26,2018,3,11,16
389,2018-03-17,Compound,35,compound,1,-14.63,2018,3,11,17
390,2018-03-18,Legs,26,legs,1,-25.71,2018,3,11,18
391,2018-03-19,Running,39,cardio,1,50.0,2018,3,12,19
392,2018-03-20,Chest,32,chest,1,-17.95,2018,3,12,20
393,2018-03-21,Back,28,back,1,-12.5,2018,3,12,21
394,2018-03-22,Running,44,cardio,1,57.14,2018,3,12,22
395,2018-03-23,Chest,31,chest,1,-29.55,2018,3,12,23
396,2018-03-24,Back,36,back,1,16.13,2018,3,12,24
397,2018-03-25,Legs,26,legs,1,-27.78,2018,3,12,25
398,2018-03-26,Running,43,cardio,1,65.38,2018,3,13,26
399,2018-03-27,Chest,33,chest,1,-23.26,2018,3,13,27
400,2018-03-28,Back,31,back,1,-6.06,2018,3,13,28
401,2018-03-30,Compound,37,compound,2,19.35,2018,3,13,30
402,2018-03-31,Compound,51,compound,1,37.84,2018,3,13,31
403,2018-04-01,Compound,43,compound,1,-15.69,2018,4,13,1
404,2018-04-03,Compound,42,compound,2,-2.33,2018,4,14,3
405,2018-04-04,Compound,40,compound,1,-4.76,2018,4,14,4
406,2018-04-06,Compound,44,compound,2,10.0,2018,4,14,6
407,2018-04-07,Compound,45,compound,1,2.27,2018,4,14,7
408,2018-04-08,Compound,47,compound,1,4.44,2018,4,14,8
409,2018-04-09,Compound,42,compound,1,-10.64,2018,4,15,9
410,2018-04-11,Chest,30,chest,2,-28.57,2018,4,15,11
411,2018-04-12,Back,27,back,1,-10.0,2018,4,15,12
412,2018-04-13,Legs,26,legs,1,-3.7,2018,4,15,13
413,2018-04-14,Chest,30,chest,1,15.38,2018,4,15,14
414,2018-04-15,Back,27,back,1,-10.0,2018,4,15,15
415,2018-04-16,Running,38,cardio,1,40.74,2018,4,16,16
416,2018-04-17,Chest,28,chest,1,-26.32,2018,4,16,17
417,2018-04-18,Back,52,back,1,85.71,2018,4,16,18
418,2018-04-19,Legs,25,legs,1,-51.92,2018,4,16,19
419,2018-04-21,Chest,45,chest,2,80.0,2018,4,16,21
420,2018-04-22,Back,47,back,1,4.44,2018,4,16,22
421,2018-04-23,Legs,23,legs,1,-51.06,2018,4,17,23
422,2018-04-24,Chest,29,chest,1,26.09,2018,4,17,24
423,2018-04-25,Back,50,back,1,72.41,2018,4,17,25
424,2018-04-26,Chest,50,chest,1,0.0,2018,4,17,26
425,2018-04-27,Back,28,back,1,-44.0,2018,4,17,27
426,2018-04-28,Chest,28,chest,1,0.0,2018,4,17,28
427,2018-04-29,Legs,24,legs,1,-14.29,2018,4,17,29
428,2018-05-01,Back,46,back,2,91.67,2018,5,18,1
429,2018-05-02,Chest,25,chest,1,-45.65,2018,5,18,2
430,2018-05-03,Back,48,back,1,92.0,2018,5,18,3
431,2018-05-04,Chest,45,chest,1,-6.25,2018,5,18,4
432,2018-05-05,Back,53,back,1,17.78,2018,5,18,5
433,2018-05-06,Legs,24,legs,1,-54.72,2018,5,18,6
434,2018-05-07,Chest,50,chest,1,108.33,2018,5,19,7
435,2018-05-08,Back,53,back,1,6.0,2018,5,19,8
436,2018-05-09,Running,40,cardio,1,-24.53,2018,5,19,9
437,2018-05-10,Chest,31,chest,1,-22.5,2018,5,19,10
438,2018-05-12,Back,52,back,2,67.74,2018,5,19,12
439,2018-05-13,Legs,26,legs,1,-50.0,2018,5,19,13
440,2018-05-14,Chest,53,chest,1,103.85,2018,5,20,14
441,2018-05-15,Back,47,back,1,-11.32,2018,5,20,15
442,2018-05-16,Chest,31,chest,1,-34.04,2018,5,20,16
443,2018-05-17,Back,49,back,1,58.06,2018,5,20,17
444,2018-05-18,Legs,23,legs,1,-53.06,2018,5,20,18
445,2018-05-19,Chest,52,chest,1,126.09,2018,5,20,19
446,2018-05-20,Back,50,back,1,-3.85,2018,5,20,20
447,2018-05-21,Chest,26,chest,1,-48.0,2018,5,21,21
448,2018-05-22,Back,52,back,1,100.0,2018,5,21,22
449,2018-05-23,Legs,23,legs,1,-55.77,2018,5,21,23
450,2018-05-24,Chest,51,chest,1,121.74,2018,5,21,24
451,2018-05-25,Back,50,back,1,-1.96,2018,5,21,25
452,2018-05-26,Chest,29,chest,1,-42.0,2018,5,21,26
453,2018-05-28,Legs,40,legs,2,37.93,2018,5,22,28
454,2018-05-29,Back,45,back,1,12.5,2018,5,22,29
455,2018-05-30,Chest,49,chest,1,8.89,2018,5,22,30
456,2018-05-31,Legs,40,legs,1,-18.37,2018,5,22,31
457,2018-06-01,Back,47,back,1,17.5,2018,6,22,1
458,2018-06-02,Chest,51,chest,1,8.51,2018,6,22,2
459,2018-06-04,Compound,41,compound,2,-19.61,2018,6,23,4
460,2018-06-06,Compound,47,compound,2,14.63,2018,6,23,6
461,2018-06-07,Compound,46,compound,1,-2.13,2018,6,23,7
462,2018-06-08,Back,45,back,1,-2.17,2018,6,23,8
463,2018-06-10,Chest,48,chest,2,6.67,2018,6,23,10
464,2018-06-13,Back,49,back,3,2.08,2018,6,24,13
465,2018-06-14,Chest,48,chest,1,-2.04,2018,6,24,14
466,2018-06-15,Back,49,back,1,2.08,2018,6,24,15
467,2018-06-16,Chest,51,chest,1,4.08,2018,6,24,16
468,2018-06-17,Back,47,back,1,-7.84,2018,6,24,17
469,2018-06-18,Chest,48,chest,1,2.13,2018,6,25,18
470,2018-06-19,Back,47,back,1,-2.08,2018,6,25,19
471,2018-06-20,Chest,47,chest,1,0.0,2018,6,25,20
472,2018-06-21,Back,46,back,1,-2.13,2018,6,25,21
473,2018-06-25,Compound,34,compound,4,-26.09,2018,6,26,25
474,2018-06-26,Compound,33,compound,1,-2.94,2018,6,26,26
475,2018-06-27,Compound,40,compound,1,21.21,2018,6,26,27
476,2018-06-28,Compound,45,compound,1,12.5,2018,6,26,28
477,2018-06-29,Compound,37,compound,1,-17.78,2018,6,26,29
478,2018-06-30,Compound,34,compound,1,-8.11,2018,6,26,30
479,2018-07-02,Chest,37,chest,2,8.82,2018,7,27,2
480,2018-07-03,Back,33,back,1,-10.81,2018,7,27,3
481,2018-07-04,Chest,33,chest,1,0.0,2018,7,27,4
482,2018-07-05,Back,34,back,1,3.03,2018,7,27,5
483,2018-07-09,Chest,38,chest,4,11.76,2018,7,28,9
484,2018-07-10,Back,35,back,1,-7.89,2018,7,28,10
485,2018-07-11,Legs,22,legs,1,-37.14,2018,7,28,11
486,2018-07-12,Chest,35,chest,1,59.09,2018,7,28,12
487,2018-07-13,Back,33,back,1,-5.71,2018,7,28,13
488,2018-07-14,Chest,37,chest,1,12.12,2018,7,28,14
489,2018-07-15,Back,37,back,1,0.0,2018,7,28,15
490,2018-07-16,Legs,29,legs,1,-21.62,2018,7,29,16
491,2018-07-17,Chest,34,chest,1,17.24,2018,7,29,17
492,2018-07-18,Running,41,cardio,1,20.59,2018,7,29,18
493,2018-07-19,Back,37,back,1,-9.76,2018,7,29,19
494,2018-07-20,Legs,28,legs,1,-24.32,2018,7,29,20
495,2018-07-21,Running,40,cardio,1,42.86,2018,7,29,21
496,2018-07-22,Compound,40,compound,1,0.0,2018,7,29,22
497,2018-07-23,Chest,36,chest,1,-10.0,2018,7,30,23
498,2018-07-24,Running,41,cardio,1,13.89,2018,7,30,24
499,2018-07-25,Back,34,back,1,-17.07,2018,7,30,25
500,2018-07-26,Running,42,cardio,1,23.53,2018,7,30,26
501,2018-07-27,Legs,31,legs,1,-26.19,2018,7,30,27
502,2018-07-28,Compound,40,compound,1,29.03,2018,7,30,28
503,2018-07-29,Chest,38,chest,1,-5.0,2018,7,30,29
504,2018-07-30,Running,40,cardio,1,5.26,2018,7,31,30
505,2018-07-31,Back,37,back,1,-7.5,2018,7,31,31
506,2018-08-01,Running,38,cardio,1,2.7,2018,8,31,1
507,2018-08-02,Compound,26,compound,1,-31.58,2018,8,31,2
508,2018-08-05,Chest,36,chest,3,38.46,2018,8,31,5
509,2018-08-07,Back,36,back,2,0.0,2018,8,32,7
510,2018-08-08,Legs,29,legs,1,-19.44,2018,8,32,8
511,2018-08-09,Chest,35,chest,1,20.69,2018,8,32,9
512,2018-08-10,Back,38,back,1,8.57,2018,8,32,10
513,2018-08-11,Legs,26,legs,1,-31.58,2018,8,32,11
514,2018-08-12,Chest,36,chest,1,38.46,2018,8,32,12
515,2018-08-13,Back,35,back,1,-2.78,2018,8,33,13
516,2018-08-14,Legs,24,legs,1,-31.43,2018,8,33,14
517,2018-08-15,Chest,36,chest,1,50.0,2018,8,33,15
518,2018-08-16,Back,35,back,1,-2.78,2018,8,33,16
519,2018-08-17,Legs,28,legs,1,-20.0,2018,8,33,17
520,2018-08-18,Compound,35,compound,1,25.0,2018,8,33,18
521,2018-08-19,Running,52,cardio,1,48.57,2018,8,33,19
522,2018-08-20,Compound,36,compound,1,-30.77,2018,8,34,20
523,2018-08-22,Legs,27,legs,2,-25.0,2018,8,34,22
524,2018-08-23,Chest,36,chest,1,33.33,2018,8,34,23
525,2018-08-24,Running,78,cardio,1,116.67,2018,8,34,24
526,2018-08-25,Back,39,back,1,-50.0,2018,8,34,25
527,2018-08-26,Compound,30,compound,1,-23.08,2018,8,34,26
528,2018-08-27,Running,78,cardio,1,160.0,2018,8,35,27
529,2018-08-28,Chest,35,chest,1,-55.13,2018,8,35,28
530,2018-08-29,Back,37,back,1,5.71,2018,8,35,29
531,2018-08-30,Chest,33,chest,1,-10.81,2018,8,35,30
532,2018-08-31,Back,37,back,1,12.12,2018,8,35,31
533,2018-09-01,Chest,34,chest,1,-8.11,2018,9,35,1
534,2018-09-02,Back,37,back,1,8.82,2018,9,35,2
535,2018-09-04,Chest,35,chest,2,-5.41,2018,9,36,4
536,2018-09-05,Back,37,back,1,5.71,2018,9,36,5
537,2018-09-07,Chest,37,chest,2,0.0,2018,9,36,7
538,2018-09-08,Back,37,back,1,0.0,2018,9,36,8
539,2018-09-09,Legs,30,legs,1,-18.92,2018,9,36,9
540,2018-09-10,Chest,38,chest,1,26.67,2018,9,37,10
541,2018-09-11,Back,36,back,1,-5.26,2018,9,37,11
542,2018-09-12,Chest,38,chest,1,5.56,2018,9,37,12
543,2018-09-13,Back,37,back,1,-2.63,2018,9,37,13
544,2018-09-15,Chest,36,chest,2,-2.7,2018,9,37,15
545,2018-09-16,Back,38,back,1,5.56,2018,9,37,16
546,2018-09-17,Legs,25,legs,1,-34.21,2018,9,38,17
547,2018-09-18,Chest,35,chest,1,40.0,2018,9,38,18
548,2018-09-19,Back,34,back,1,-2.86,2018,9,38,19
549,2018-09-20,Legs,28,legs,1,-17.65,2018,9,38,20
550,2018-09-21,Chest,37,chest,1,32.14,2018,9,38,21
551,2018-09-22,Back,37,back,1,0.0,2018,9,38,22
552,2018-09-23,Legs,28,legs,1,-24.32,2018,9,38,23
553,2018-09-24,Chest,33,chest,1,17.86,2018,9,39,24
554,2018-09-25,Back,35,back,1,6.06,2018,9,39,25
555,2018-09-26,Legs,23,legs,1,-34.29,2018,9,39,26
556,2018-09-27,Chest,35,chest,1,52.17,2018,9,39,27
557,2018-09-28,Back,36,back,1,2.86,2018,9,39,28
558,2018-09-29,Legs,27,legs,1,-25.0,2018,9,39,29
559,2018-09-30,Chest,35,chest,1,29.63,2018,9,39,30
560,2018-10-01,Back,37,back,1,5.71,2018,10,40,1
561,2018-10-03,Chest,33,chest,2,-10.81,2018,10,40,3
562,2018-10-04,Back,36,back,1,9.09,2018,10,40,4
563,2018-10-05,Running,36,cardio,1,0.0,2018,10,40,5
564,2018-10-06,Chest,35,chest,1,-2.78,2018,10,40,6
565,2018-10-07,Back,21,back,1,-40.0,2018,10,40,7
566,2018-10-08,Chest,36,chest,1,71.43,2018,10,41,8
567,2018-10-09,Running,42,cardio,1,16.67,2018,10,41,9
568,2018-10-10,Compound,35,compound,1,-16.67,2018,10,41,10
569,2018-10-11,Back,37,back,1,5.71,2018,10,41,11
570,2018-10-12,Running,45,cardio,1,21.62,2018,10,41,12
571,2018-10-13,Compound,33,compound,1,-26.67,2018,10,41,13
572,2018-10-14,Legs,23,legs,1,-30.3,2018,10,41,14
573,2018-10-15,Chest,39,chest,1,69.57,2018,10,42,15
574,2018-10-16,Running,46,cardio,1,17.95,2018,10,42,16
575,2018-10-17,Compound,35,compound,1,-23.91,2018,10,42,17
576,2018-10-18,Back,38,back,1,8.57,2018,10,42,18
577,2018-10-19,Running,45,cardio,1,18.42,2018,10,42,19
578,2018-10-20,Compound,35,compound,1,-22.22,2018,10,42,20
579,2018-10-21,Legs,25,legs,1,-28.57,2018,10,42,21
580,2018-10-22,Chest,38,chest,1,52.0,2018,10,43,22
581,2018-10-23,Running,44,cardio,1,15.79,2018,10,43,23
582,2018-10-24,Compound,35,compound,1,-20.45,2018,10,43,24
583,2018-10-25,Back,34,back,1,-2.86,2018,10,43,25
584,2018-10-26,Running,42,cardio,1,23.53,2018,10,43,26
585,2018-10-27,Compound,35,compound,1,-16.67,2018,10,43,27
586,2018-10-28,Legs,29,legs,1,-17.14,2018,10,43,28
587,2018-10-29,Chest,39,chest,1,34.48,2018,10,44,29
588,2018-10-30,Running,43,cardio,1,10.26,2018,10,44,30
589,2018-10-31,Back,37,back,1,-13.95,2018,10,44,31
590,2018-11-01,Running,40,cardio,1,8.11,2018,11,44,1
591,2018-11-02,Compound,40,compound,1,0.0,2018,11,44,2
592,2018-11-03,Compound,35,compound,1,-12.5,2018,11,44,3
593,2018-11-04,Compound,36,compound,1,2.86,2018,11,44,4
594,2018-11-05,Chest,41,chest,1,13.89,2018,11,45,5
595,2018-11-06,Running,45,cardio,1,9.76,2018,11,45,6
596,2018-11-07,Back,39,back,1,-13.33,2018,11,45,7
597,2018-11-08,Compound,39,compound,1,0.0,2018,11,45,8
598,2018-11-10,Compound,40,compound,2,2.56,2018,11,45,10
599,2018-11-11,Compound,38,compound,1,-5.0,2018,11,45,11
600,2018-11-12,Chest,38,chest,1,0.0,2018,11,46,12
601,2018-11-13,Running,46,cardio,1,21.05,2018,11,46,13
602,2018-11-14,Back,36,back,1,-21.74,2018,11,46,14
603,2018-11-15,Compound,48,compound,1,33.33,2018,11,46,15
604,2018-11-17,Compound,35,compound,2,-27.08,2018,11,46,17
605,2018-11-18,Compound,40,compound,1,14.29,2018,11,46,18
606,2018-11-19,Chest,40,chest,1,0.0,2018,11,47,19
607,2018-11-20,Running,46,cardio,1,15.0,2018,11,47,20
608,2018-11-21,Back,42,back,1,-8.7,2018,11,47,21
609,2018-11-22,Compound,44,compound,1,4.76,2018,11,47,22
610,2018-11-23,Compound,48,compound,1,9.09,2018,11,47,23
611,2018-11-24,Compound,48,compound,1,0.0,2018,11,47,24
612,2018-11-25,Compound,35,compound,1,-27.08,2018,11,47,25
613,2018-11-27,Chest,40,chest,2,14.29,2018,11,48,27
614,2018-11-28,Back,47,back,1,17.5,2018,11,48,28
615,2018-11-30,Compound,52,compound,2,10.64,2018,11,48,30
616,2018-12-01,Running,61,cardio,1,17.31,2018,12,48,1
617,2018-12-02,Compound,43,compound,1,-29.51,2018,12,48,2
618,2018-12-03,Chest,45,chest,1,4.65,2018,12,49,3
619,2018-12-04,Back,43,back,1,-4.44,2018,12,49,4
620,2018-12-05,Compound,43,compound,1,0.0,2018,12,49,5
621,2018-12-06,Chest,46,chest,1,6.98,2018,12,49,6
622,2018-12-07,Back,45,back,1,-2.17,2018,12,49,7
623,2018-12-08,Compound,56,compound,1,24.44,2018,12,49,8
624,2018-12-09,Chest,47,chest,1,-16.07,2018,12,49,9
625,2018-12-10,Back,45,back,1,-4.26,2018,12,50,10
626,2018-12-11,Compound,49,compound,1,8.89,2018,12,50,11
627,2018-12-12,Chest,48,chest,1,-2.04,2018,12,50,12
628,2018-12-13,Back,46,back,1,-4.17,2018,12,50,13
629,2018-12-14,Compound,51,compound,1,10.87,2018,12,50,14
630,2018-12-17,Compound,58,compound,3,13.73,2018,12,51,17
631,2018-12-18,Compound,56,compound,1,-3.45,2018,12,51,18
632,2018-12-19,Chest,49,chest,1,-12.5,2018,12,51,19
633,2018-12-20,Back,52,back,1,6.12,2018,12,51,20
634,2018-12-21,Compound,59,compound,1,13.46,2018,12,51,21
635,2018-12-22,Chest,47,chest,1,-20.34,2018,12,51,22
636,2018-12-23,Back,50,back,1,6.38,2018,12,51,23
637,2018-12-24,Compound,45,compound,1,-10.0,2018,12,52,24
638,2018-12-26,Compound,59,compound,2,31.11,2018,12,52,26
639,2018-12-27,Chest,39,chest,1,-33.9,2018,12,52,27
640,2018-12-28,Back,53,back,1,35.9,2018,12,52,28
641,2018-12-29,Compound,53,compound,1,0.0,2018,12,52,29
642,2018-12-30,Back,45,back,1,-15.09,2018,12,52,30
643,2018-12-31,Chest,49,chest,1,8.89,2018,12,1,31
644,2019-01-02,Compound,39,compound,2,-20.41,2019,1,1,2
645,2019-01-03,Chest,49,chest,1,25.64,2019,1,1,3
646,2019-01-04,Back,48,back,1,-2.04,2019,1,1,4
647,2019-01-05,Compound,50,compound,1,4.17,2019,1,1,5
648,2019-01-06,Compound,45,compound,1,-10.0,2019,1,1,6
649,2019-01-08,Compound,46,compound,2,2.22,2019,1,2,8
650,2019-01-10,Compound,47,compound,2,2.17,2019,1,2,10
651,2019-01-12,Compound,45,compound,2,-4.26,2019,1,2,12
652,2019-01-13,Compound,49,compound,1,8.89,2019,1,2,13
653,2019-01-14,Compound,48,compound,1,-2.04,2019,1,3,14
654,2019-01-16,Back,45,back,2,-6.25,2019,1,3,16
655,2019-01-17,Chest,45,chest,1,0.0,2019,1,3,17
656,2019-01-18,Compound,45,compound,1,0.0,2019,1,3,18
657,2019-01-19,Back,39,back,1,-13.33,2019,1,3,19
658,2019-01-20,Chest,47,chest,1,20.51,2019,1,3,20
659,2019-01-21,Compound,50,compound,1,6.38,2019,1,4,21
660,2019-01-22,Back,47,back,1,-6.0,2019,1,4,22
661,2019-01-23,Chest,48,chest,1,2.13,2019,1,4,23
662,2019-01-24,Compound,45,compound,1,-6.25,2019,1,4,24
663,2019-01-26,Compound,40,compound,2,-11.11,2019,1,4,26
664,2019-01-28,Chest,45,chest,2,12.5,2019,1,5,28
665,2019-01-29,Back,50,back,1,11.11,2019,1,5,29
666,2019-01-30,Legs,25,legs,1,-50.0,2019,1,5,30
667,2019-01-31,Compound,44,compound,1,76.0,2019,1,5,31
668,2019-02-02,Chest,54,chest,2,22.73,2019,2,5,2
669,2019-02-03,Back,46,back,1,-14.81,2019,2,5,3
670,2019-02-04,Legs,30,legs,1,-34.78,2019,2,6,4
671,2019-02-05,Compound,45,compound,1,50.0,2019,2,6,5
672,2019-02-06,Chest,46,chest,1,2.22,2019,2,6,6
673,2019-02-07,Back,47,back,1,2.17,2019,2,6,7
674,2019-02-08,Legs,27,legs,1,-42.55,2019,2,6,8
675,2019-02-09,Compound,45,compound,1,66.67,2019,2,6,9
676,2019-02-10,Chest,48,chest,1,6.67,2019,2,6,10
677,2019-02-11,Back,48,back,1,0.0,2019,2,7,11
678,2019-02-12,Legs,33,legs,1,-31.25,2019,2,7,12
679,2019-02-13,Compound,45,compound,1,36.36,2019,2,7,13
680,2019-02-15,Compound,45,compound,2,0.0,2019,2,7,15
681,2019-02-17,Chest,45,chest,2,0.0,2019,2,7,17
682,2019-02-18,Back,50,back,1,11.11,2019,2,8,18
683,2019-02-19,Legs,28,legs,1,-44.0,2019,2,8,19
684,2019-02-20,Compound,47,compound,1,67.86,2019,2,8,20
685,2019-02-21,Chest,47,chest,1,0.0,2019,2,8,21
686,2019-02-22,Back,46,back,1,-2.13,2019,2,8,22
687,2019-02-23,Legs,26,legs,1,-43.48,2019,2,8,23
688,2019-02-24,Compound,47,compound,1,80.77,2019,2,8,24
689,2019-02-25,Chest,41,chest,1,-12.77,2019,2,9,25
690,2019-02-26,Back,41,back,1,0.0,2019,2,9,26
691,2019-02-27,Compound,44,compound,1,7.32,2019,2,9,27
692,2019-03-01,Chest,44,chest,2,0.0,2019,3,9,1
693,2019-03-02,Back,44,back,1,0.0,2019,3,9,2
694,2019-03-03,Legs,26,legs,1,-40.91,2019,3,9,3
695,2019-03-04,Compound,41,compound,1,57.69,2019,3,10,4
696,2019-03-05,Compound,40,compound,1,-2.44,2019,3,10,5
697,2019-03-06,Back,43,back,1,7.5,2019,3,10,6
698,2019-03-07,Compound,37,compound,1,-13.95,2019,3,10,7
699,2019-03-08,Chest,40,chest,1,8.11,2019,3,10,8
700,2019-03-09,Back,42,back,1,5.0,2019,3,10,9
701,2019-03-10,Compound,41,compound,1,-2.38,2019,3,10,10
702,2019-03-11,Legs,27,legs,1,-34.15,2019,3,11,11
703,2019-03-12,Chest,42,chest,1,55.56,2019,3,11,12
704,2019-03-13,Back,43,back,1,2.38,2019,3,11,13
705,2019-03-14,Legs,24,legs,1,-44.19,2019,3,11,14
706,2019-03-15,Compound,44,compound,1,83.33,2019,3,11,15
707,2019-03-18,Chest,44,chest,3,0.0,2019,3,12,18
708,2019-03-19,Back,38,back,1,-13.64,2019,3,12,19
709,2019-03-20,Chest,43,chest,1,13.16,2019,3,12,20
710,2019-03-21,Back,42,back,1,-2.33,2019,3,12,21
711,2019-03-22,Compound,39,compound,1,-7.14,2019,3,12,22
712,2019-03-24,Chest,50,chest,2,28.21,2019,3,12,24
713,2019-03-25,Back,50,back,1,0.0,2019,3,13,25
714,2019-03-26,Chest,50,chest,1,0.0,2019,3,13,26
715,2019-03-27,Back,49,back,1,-2.0,2019,3,13,27
716,2019-03-28,Chest,43,chest,1,-12.24,2019,3,13,28
717,2019-03-29,Back,50,back,1,16.28,2019,3,13,29
718,2019-03-30,Chest,48,chest,1,-4.0,2019,3,13,30
719,2019-03-31,Basketball,60,cardio,1,25.0,2019,3,13,31
720,2019-04-01,Back,48,back,1,-20.0,2019,4,14,1
721,2019-04-02,Chest,44,chest,1,-8.33,2019,4,14,2
722,2019-04-03,Back,48,back,1,9.09,2019,4,14,3
723,2019-04-04,Chest,42,chest,1,-12.5,2019,4,14,4
724,2019-04-05,Back,46,back,1,9.52,2019,4,14,5
725,2019-04-06,Basketball,120,cardio,1,160.87,2019,4,14,6
726,2019-04-07,Chest,35,chest,1,-70.83,2019,4,14,7
727,2019-04-08,Back,42,back,1,20.0,2019,4,15,8
728,2019-04-09,Chest,46,chest,1,9.52,2019,4,15,9
729,2019-04-10,Back,43,back,1,-6.52,2019,4,15,10
730,2019-04-11,Chest,37,chest,1,-13.95,2019,4,15,11
731,2019-04-12,Back,46,back,1,24.32,2019,4,15,12
732,2019-04-15,Chest,49,chest,3,6.52,2019,4,16,15
733,2019-04-16,Back,48,back,1,-2.04,2019,4,16,16
734,2019-04-17,Chest,53,chest,1,10.42,2019,4,16,17
735,2019-04-18,Back,50,back,1,-5.66,2019,4,16,18
736,2019-04-20,Chest,51,chest,2,2.0,2019,4,16,20
737,2019-04-21,Back,51,back,1,0.0,2019,4,16,21
738,2019-04-22,Chest,54,chest,1,5.88,2019,4,17,22
739,2019-04-23,Back,49,back,1,-9.26,2019,4,17,23
740,2019-04-25,Chest,43,chest,2,-12.24,2019,4,17,25
741,2019-04-26,Back,43,back,1,0.0,2019,4,17,26
742,2019-04-27,Chest,44,chest,1,2.33,2019,4,17,27
743,2019-04-28,Back,38,back,1,-13.64,2019,4,17,28
744,2019-04-29,Chest,46,chest,1,21.05,2019,4,18,29
745,2019-04-30,Back,39,back,1,-15.22,2019,4,18,30
746,2019-05-02,Chest,41,chest,2,5.13,2019,5,18,2
747,2019-05-03,Back,37,back,1,-9.76,2019,5,18,3
748,2019-05-04,Chest,39,chest,1,5.41,2019,5,18,4
749,2019-05-05,Back,39,back,1,0.0,2019,5,18,5
750,2019-05-06,Running,32,cardio,1,-17.95,2019,5,19,6
751,2019-05-07,Chest,39,chest,1,21.88,2019,5,19,7
752,2019-05-09,Back,41,back,2,5.13,2019,5,19,9
753,2019-05-10,Chest,43,chest,1,4.88,2019,5,19,10
754,2019-05-12,Back,39,back,2,-9.3,2019,5,19,12
755,2019-05-13,Running,40,cardio,1,2.56,2019,5,20,13
756,2019-05-14,Chest,40,chest,1,0.0,2019,5,20,14
757,2019-05-15,Back,37,back,1,-7.5,2019,5,20,15
758,2019-05-16,Running,38,cardio,1,2.7,2019,5,20,16
759,2019-05-17,Chest,44,chest,1,15.79,2019,5,20,17
760,2019-05-18,Back,39,back,1,-11.36,2019,5,20,18
761,2019-05-19,Running,41,cardio,1,5.13,2019,5,20,19
762,2019-05-20,Chest,43,chest,1,4.88,2019,5,21,20
763,2019-05-21,Back,41,back,1,-4.65,2019,5,21,21
764,2019-05-22,Running,41,cardio,1,0.0,2019,5,21,22
765,2019-05-23,Chest,41,chest,1,0.0,2019,5,21,23
766,2019-05-24,Back,40,back,1,-2.44,2019,5,21,24
767,2019-05-25,Legs,33,legs,1,-17.5,2019,5,21,25
768,2019-05-26,Chest,41,chest,1,24.24,2019,5,21,26
769,2019-05-27,Back,40,back,1,-2.44,2019,5,22,27
770,2019-05-28,Chest,39,chest,1,-2.5,2019,5,22,28
771,2019-05-29,Back,41,back,1,5.13,2019,5,22,29
772,2019-05-30,Running,42,cardio,1,2.44,2019,5,22,30
773,2019-05-31,Chest,41,chest,1,-2.38,2019,5,22,31
774,2019-06-01,Back,36,back,1,-12.2,2019,6,22,1
775,2019-06-02,Legs,28,legs,1,-22.22,2019,6,22,2
776,2019-06-03,Chest,42,chest,1,50.0,2019,6,23,3
777,2019-06-04,Back,40,back,1,-4.76,2019,6,23,4
778,2019-06-05,Running,42,cardio,1,5.0,2019,6,23,5
779,2019-06-06,Chest,40,chest,1,-4.76,2019,6,23,6
780,2019-06-07,Back,42,back,1,5.0,2019,6,23,7
781,2019-06-08,Legs,29,legs,1,-30.95,2019,6,23,8
782,2019-06-09,Chest,41,chest,1,41.38,2019,6,23,9
783,2019-06-10,Back,43,back,1,4.88,2019,6,24,10
784,2019-06-13,Surfing,120,cardio,3,179.07,2019,6,24,13
785,2019-06-14,Surfing,120,cardio,1,0.0,2019,6,24,14
786,2019-06-15,Surfing,120,cardio,1,0.0,2019,6,24,15
787,2019-06-16,Surfing,120,cardio,1,0.0,2019,6,24,16
788,2019-06-17,Surfing,180,cardio,1,50.0,2019,6,25,17
789,2019-06-26,Chest,39,chest,9,-78.33,2019,6,26,26
790,2019-06-27,Back,43,back,1,10.26,2019,6,26,27
791,2019-06-28,Compound,43,compound,1,0.0,2019,6,26,28
792,2019-07-01,Compound,120,compound,3,179.07,2019,7,27,1
793,2019-07-02,Chest,41,chest,1,-65.83,2019,7,27,2
794,2019-07-03,Back,40,back,1,-2.44,2019,7,27,3
795,2019-07-04,Chest,43,chest,1,7.5,2019,7,27,4
796,2019-07-05,Back,42,back,1,-2.33,2019,7,27,5
797,2019-07-06,Running,52,cardio,1,23.81,2019,7,27,6
798,2019-07-07,Running,55,cardio,1,5.77,2019,7,27,7
799,2019-07-08,Chest,43,chest,1,-21.82,2019,7,28,8
800,2019-07-09,Back,44,back,1,2.33,2019,7,28,9
801,2019-07-10,Compound,43,compound,1,-2.27,2019,7,28,10
802,2019-07-11,Chest,42,chest,1,-2.33,2019,7,28,11
803,2019-07-12,Back,46,back,1,9.52,2019,7,28,12
804,2019-07-13,Compound,44,compound,1,-4.35,2019,7,28,13
805,2019-07-15,Chest,43,chest,2,-2.27,2019,7,29,15
806,2019-07-16,Back,44,back,1,2.33,2019,7,29,16
807,2019-07-17,Chest,42,chest,1,-4.55,2019,7,29,17
808,2019-07-18,Back,51,back,1,21.43,2019,7,29,18
809,2019-07-19,Compound,56,compound,1,9.8,2019,7,29,19
810,2019-07-22,Compound,90,compound,3,60.71,2019,7,30,22
811,2019-07-23,Chest,36,chest,1,-60.0,2019,7,30,23
812,2019-07-24,Compound,60,compound,1,66.67,2019,7,30,24
813,2019-07-25,Back,42,back,1,-30.0,2019,7,30,25
814,2019-07-26,Compound,60,compound,1,42.86,2019,7,30,26
815,2019-07-28,Running,54,cardio,2,-10.0,2019,7,30,28
816,2019-07-29,Compound,60,compound,1,11.11,2019,7,31,29
817,2019-07-30,Chest,44,chest,1,-26.67,2019,7,31,30
818,2019-07-31,Compound,60,compound,1,36.36,2019,7,31,31
819,2019-08-01,Back,43,back,1,-28.33,2019,8,31,1
820,2019-08-02,Compound,39,compound,1,-9.3,2019,8,31,2
821,2019-08-05,Chest,40,chest,3,2.56,2019,8,32,5
822,2019-08-06,Back,43,back,1,7.5,2019,8,32,6
823,2019-08-07,Chest,42,chest,1,-2.33,2019,8,32,7
824,2019-08-08,Back,41,back,1,-2.38,2019,8,32,8
825,2019-08-09,Compound,43,compound,1,4.88,2019,8,32,9
826,2019-08-12,Compound,45,compound,3,4.65,2019,8,33,12
827,2019-08-13,Compound,46,compound,1,2.22,2019,8,33,13
828,2019-08-19,Chest,42,chest,6,-8.7,2019,8,34,19
829,2019-08-20,Back,43,back,1,2.38,2019,8,34,20
830,2019-08-21,Legs,35,legs,1,-18.6,2019,8,34,21
831,2019-08-22,Chest,41,chest,1,17.14,2019,8,34,22
832,2019-08-23,Back,38,back,1,-7.32,2019,8,34,23
833,2019-08-25,Running,57,cardio,2,50.0,2019,8,34,25
834,2019-08-26,Chest,39,chest,1,-31.58,2019,8,35,26
835,2019-08-27,Back,44,back,1,12.82,2019,8,35,27
836,2019-08-28,Legs,22,legs,1,-50.0,2019,8,35,28
837,2019-08-29,Chest,43,chest,1,95.45,2019,8,35,29
838,2019-08-30,Back,40,back,1,-6.98,2019,8,35,30
839,2019-08-31,Compound,46,compound,1,15.0,2019,8,35,31
840,2019-09-02,Compound,60,compound,2,30.43,2019,9,36,2
841,2019-09-03,Chest,40,chest,1,-33.33,2019,9,36,3
842,2019-09-04,Compound,60,compound,1,50.0,2019,9,36,4
843,2019-09-05,Back,41,back,1,-31.67,2019,9,36,5
844,2019-09-06,Compound,60,compound,1,46.34,2019,9,36,6
845,2019-09-07,Compound,41,compound,1,-31.67,2019,9,36,7
846,2019-09-09,Compound,50,compound,2,21.95,2019,9,37,9
847,2019-09-10,Chest,42,chest,1,-16.0,2019,9,37,10
848,2019-09-11,Compound,60,compound,1,42.86,2019,9,37,11
849,2019-09-12,Back,40,back,1,-33.33,2019,9,37,12
850,2019-09-13,Compound,60,compound,1,50.0,2019,9,37,13
851,2019-09-14,Compound,45,compound,1,-25.0,2019,9,37,14
852,2019-09-16,Chest,38,chest,2,-15.56,2019,9,38,16
853,2019-09-17,Back,34,back,1,-10.53,2019,9,38,17
854,2019-09-18,Legs,31,legs,1,-8.82,2019,9,38,18
855,2019-09-19,Chest,42,chest,1,35.48,2019,9,38,19
856,2019-09-20,Back,39,back,1,-7.14,2019,9,38,20
857,2019-09-21,Compound,37,compound,1,-5.13,2019,9,38,21
858,2019-09-24,Compound,43,compound,3,16.22,2019,9,39,24
859,2019-10-01,Chest,40,chest,7,-6.98,2019,10,40,1
860,2019-10-02,Back,35,back,1,-12.5,2019,10,40,2
861,2019-10-03,Legs,30,legs,1,-14.29,2019,10,40,3
862,2019-10-04,Compound,44,compound,1,46.67,2019,10,40,4
863,2019-10-07,Compound,43,compound,3,-2.27,2019,10,41,7
864,2019-10-08,Chest,41,chest,1,-4.65,2019,10,41,8
865,2019-10-09,Back,37,back,1,-9.76,2019,10,41,9
866,2019-10-10,Legs,26,legs,1,-29.73,2019,10,41,10
867,2019-10-11,Compound,44,compound,1,69.23,2019,10,41,11
868,2019-10-13,Chest,37,chest,2,-15.91,2019,10,41,13
869,2019-10-14,Back,35,back,1,-5.41,2019,10,42,14
870,2019-10-15,Legs,32,legs,1,-8.57,2019,10,42,15
871,2019-10-16,Chest,38,chest,1,18.75,2019,10,42,16
872,2019-10-17,Back,40,back,1,5.26,2019,10,42,17
873,2019-10-18,Legs,29,legs,1,-27.5,2019,10,42,18
874,2019-10-21,Compound,41,compound,3,41.38,2019,10,43,21
875,2019-10-22,Chest,37,chest,1,-9.76,2019,10,43,22
876,2019-10-23,Back,35,back,1,-5.41,2019,10,43,23
877,2019-10-24,Legs,27,legs,1,-22.86,2019,10,43,24
878,2019-10-25,Compound,43,compound,1,59.26,2019,10,43,25
879,2019-10-28,Compound,45,compound,3,4.65,2019,10,44,28
880,2019-10-29,Chest,40,chest,1,-11.11,2019,10,44,29
881,2019-10-30,Back,41,back,1,2.5,2019,10,44,30
882,2019-10-31,Compound,41,compound,1,0.0,2019,10,44,31
883,2019-11-01,Chest,42,chest,1,2.44,2019,11,44,1
884,2019-11-02,Back,41,back,1,-2.38,2019,11,44,2
885,2019-11-03,Running,37,cardio,1,-9.76,2019,11,44,3
886,2019-11-04,Chest,45,chest,1,21.62,2019,11,45,4
887,2019-11-05,Back,45,back,1,0.0,2019,11,45,5
888,2019-11-06,Running,43,cardio,1,-4.44,2019,11,45,6
889,2019-11-07,Chest,43,chest,1,0.0,2019,11,45,7
890,2019-11-08,Back,45,back,1,4.65,2019,11,45,8
891,2019-11-11,Chest,46,chest,3,2.22,2019,11,46,11
892,2019-11-12,Back,44,back,1,-4.35,2019,11,46,12
893,2019-11-13,Running,41,cardio,1,-6.82,2019,11,46,13
894,2019-11-14,Chest,47,chest,1,14.63,2019,11,46,14
895,2019-11-15,Back,48,back,1,2.13,2019,11,46,15
896,2019-11-16,Compound,49,compound,1,2.08,2019,11,46,16
897,2019-11-18,Chest,44,chest,2,-10.2,2019,11,47,18
898,2019-11-19,Back,45,back,1,2.27,2019,11,47,19
899,2019-11-21,Chest,42,chest,2,-6.67,2019,11,47,21
900,2019-11-22,Back,46,back,1,9.52,2019,11,47,22
901,2019-11-25,Chest,45,chest,3,-2.17,2019,11,48,25
902,2019-11-26,Back,45,back,1,0.0,2019,11,48,26
903,2019-11-27,Compound,45,compound,1,0.0,2019,11,48,27
904,2019-11-28,Chest,44,chest,1,-2.22,2019,11,48,28
905,2019-11-29,Back,45,back,1,2.27,2019,11,48,29
906,2019-11-30,Compound,46,compound,1,2.22,2019,11,48,30
907,2019-12-02,Chest,43,chest,2,-6.52,2019,12,49,2
908,2019-12-03,Back,43,back,1,0.0,2019,12,49,3
909,2019-12-04,Chest,46,chest,1,6.98,2019,12,49,4
910,2019-12-05,Back,42,back,1,-8.7,2019,12,49,5
911,2019-12-06,Compound,41,compound,1,-2.38,2019,12,49,6
912,2019-12-09,Compound,46,compound,3,12.2,2019,12,50,9
913,2019-12-11,Compound,41,compound,2,-10.87,2019,12,50,11
914,2019-12-13,Compound,48,compound,2,17.07,2019,12,50,13
915,2019-12-15,Compound,45,compound,2,-6.25,2019,12,50,15
916,2019-12-17,Compound,45,compound,2,0.0,2019,12,51,17
917,2019-12-20,Compound,45,compound,3,0.0,2019,12,51,20
918,2019-12-22,Compound,40,compound,2,-11.11,2019,12,51,22
919,2019-12-24,Compound,43,compound,2,7.5,2019,12,52,24
920,2019-12-27,Compound,40,compound,3,-6.98,2019,12,52,27
921,2020-01-10,Chest,35,chest,14,-12.5,2020,1,2,10
922,2020-01-11,Back,36,back,1,2.86,2020,1,2,11
923,2020-01-12,Legs,26,legs,1,-27.78,2020,1,2,12
924,2020-01-13,Chest,37,chest,1,42.31,2020,1,3,13
925,2020-01-14,Back,34,back,1,-8.11,2020,1,3,14
926,2020-01-15,Legs,29,legs,1,-14.71,2020,1,3,15
927,2020-01-16,Chest,38,chest,1,31.03,2020,1,3,16
928,2020-01-17,Back,37,back,1,-2.63,2020,1,3,17
929,2020-01-18,Legs,27,legs,1,-27.03,2020,1,3,18
930,2020-01-20,Chest,35,chest,2,29.63,2020,1,4,20
931,2020-01-21,Back,37,back,1,5.71,2020,1,4,21
932,2020-01-22,Legs,27,legs,1,-27.03,2020,1,4,22
933,2020-01-23,Chest,36,chest,1,33.33,2020,1,4,23
934,2020-01-24,Back,39,back,1,8.33,2020,1,4,24
935,2020-01-27,Chest,37,chest,3,-5.13,2020,1,5,27
936,2020-01-28,Back,34,back,1,-8.11,2020,1,5,28
937,2020-01-29,Legs,29,legs,1,-14.71,2020,1,5,29
938,2020-01-30,Chest,33,chest,1,13.79,2020,1,5,30
939,2020-01-31,Back,37,back,1,12.12,2020,1,5,31
940,2020-02-01,Legs,28,legs,1,-24.32,2020,2,5,1
941,2020-02-03,Chest,36,chest,2,28.57,2020,2,6,3
942,2020-02-04,Back,33,back,1,-8.33,2020,2,6,4
943,2020-02-05,Legs,28,legs,1,-15.15,2020,2,6,5
944,2020-02-06,Chest,35,chest,1,25.0,2020,2,6,6
945,2020-02-07,Back,33,back,1,-5.71,2020,2,6,7
946,2020-02-08,Running,41,cardio,1,24.24,2020,2,6,8
947,2020-02-09,Running,40,cardio,1,-2.44,2020,2,6,9
948,2020-02-10,Chest,34,chest,1,-15.0,2020,2,7,10
949,2020-02-11,Back,31,back,1,-8.82,2020,2,7,11
950,2020-02-21,Chest,39,chest,10,25.81,2020,2,8,21
951,2020-02-22,Back,39,back,1,0.0,2020,2,8,22
952,2020-02-24,Chest,35,chest,2,-10.26,2020,2,9,24
953,2020-02-25,Back,35,back,1,0.0,2020,2,9,25
954,2020-02-26,Legs,24,legs,1,-31.43,2020,2,9,26
955,2020-02-27,Chest,36,chest,1,50.0,2020,2,9,27
956,2020-02-28,Back,35,back,1,-2.78,2020,2,9,28
957,2020-03-02,Chest,28,chest,3,-20.0,2020,3,10,2
958,2020-03-03,Back,37,back,1,32.14,2020,3,10,3
959,2020-03-04,Legs,29,legs,1,-21.62,2020,3,10,4
960,2020-03-05,Chest,32,chest,1,10.34,2020,3,10,5
961,2020-03-06,Back,38,back,1,18.75,2020,3,10,6
962,2020-03-07,Running,40,cardio,1,5.26,2020,3,10,7
963,2020-03-09,Chest,35,chest,2,-12.5,2020,3,11,9
964,2020-03-10,Back,33,back,1,-5.71,2020,3,11,10
965,2020-03-13,Running,36,cardio,3,9.09,2020,3,11,13
966,2020-03-18,Compound,45,compound,5,25.0,2020,3,12,18
967,2020-03-21,Running,42,cardio,3,-6.67,2020,3,12,21
968,2020-03-22,Compound,39,compound,1,-7.14,2020,3,12,22
